"","index","study_id","id","author","year","group","group_id","group_desc","url","country","region","city","time_MAX","time_50","time_MIN","detailed_time","exp_dur","fu_dur","age_base","age_SD","days_ps","days_cat","yrs_ps","stroke_type","nihss_base","mmse_base","mMmse_base","fim_base","brunstrom_base","frenchay_base","fac_base","barthel_base","mBarthel_base","motricity_base","BBS_base","BBT_base","gcs_base","MAS_base","sis_base","rivermead_base","ashworth_base","mAshworth_base","rankin_base","bdi_base","cesd_base","OPS_base","terminal_dropout","outcome_name","fma_outcome","speed_outcome","SCOAR_outcome","p_outcome_stated","itt_analysis","base_n","base_m","base_sd","difference_score","term_n","term_m","term_sd","diff_base","diff_term","fu_n","fu_m","fu_sd","est_corr","term_diff","term_s_diff","fu_diff","fu_s_diff","term_d","fu_d","j_corr_factor","term_g","fu_g","term_Vd","fu_Vd","term_Vg","fu_Vg","exp.c","DPS.c","rtDPS","rtDPS.c","time50.c","rtTIME","rtTIME.c","age.c","DUR.c","rtDUR","rtDUR.c","AGEq"
"7",7,3,"ada2013","ada","2013","ctrl",5,"no specified physical therapy","http://www.ncbi.nlm.nih.gov/pubmed/23464674","australia","new south wales","sydney",0,0,0,1,120,365,63,NA,570,">1year",1.561643836,0,NA,"","","","",NA,"","",NA,"",NA,NA,NA,"","",NA,"","","",NA,"",NA,3,"6minwt","","","lohse",1,1,34,244,263,0,31,263,115,NA,NA,31,2552,125,0.5,19,206.2256046,2308,208.978126,0.09213211,11.04421809,0.977099237,0.090022214,10.79129707,0.029536593,1.823158136,0.028199262,1.740610856,-0.5,-12.3674590163935,23.8746727726266,4.487106163019,-36.4238524590164,0,-5.34051756611726,0.571967213114753,63.9741803278689,10.9544511501033,4.00874377887471,3
"8",8,3,"ada2013","ada","2013","exp",6,"four months of walking training","http://www.ncbi.nlm.nih.gov/pubmed/23464674","australia","new south wales","sydney",24,24,24,1,120,365,70,NA,660,">1year",1.808219178,0,NA,"","","","",NA,"","",NA,"",NA,NA,NA,"","",NA,"","","",NA,"",NA,0,"6minwt","","","lohse",1,1,34,232,124,0,34,289,131,NA,NA,34,250,130,0.5,57,127.5480302,18,127.0354281,0.446890477,0.141692757,0.977099237,0.436656344,0.138447884,0.032348693,0.029707012,0.030884038,0.028361965,0.5,77.6325409836065,25.6904651573303,6.30289854772262,-12.4238524590164,4.89897948556636,-0.441538080550908,7.57196721311475,63.9741803278689,10.9544511501033,4.00874377887471,4
"9",9,3,"ada2013","ada","2013","exp",7,"two months of walking therapy","http://www.ncbi.nlm.nih.gov/pubmed/23464674","australia","new south wales","sydney",12,12,12,1,60,365,64,NA,600,">1year",1.643835616,0,NA,"","","","",NA,"","",NA,"",NA,NA,NA,"","",NA,"","","",NA,"",NA,1,"6minwt","","","lohse",1,1,34,225,118,0,33,259,145,NA,NA,33,230,122,0.5,34,131.9843814,5,119.9858966,0.257606238,0.041671564,0.977099237,0.251706859,0.040717254,0.030387661,0.029437302,0.029011797,0.028104467,0.5,17.6325409836065,24.4948974278318,5.10733081822414,-24.4238524590164,3.46410161513775,-1.87641595097951,1.57196721311475,3.97418032786885,7.74596669241483,0.800259321186223,3
"12",12,5,"arya2012","arya","2012","ctrl",10,"standard care","http://www.ncbi.nlm.nih.gov/pubmed/22668675","india","uttar pradesh","lucknow",20,20,20,1,28,56,50.21,NA,86.59,"<90days",0.237232877,1,5.29,"","","","",NA,"","",NA,"",NA,NA,NA,"","",NA,"","","",NA,"",NA,0,"fma-ue","fma","","lohse",0,1,52,9.88,8.82,0,52,16.42,11.16,0,0,52,19,12.09,0.5,6.54,10.05828017,9.12,10.5820721,0.650210562,0.861834989,0.985221675,0.640601539,0.849098512,0.023295902,0.026372688,0.022612441,0.025598959,-0.5,-495.777459016393,9.30537479094743,-10.0821918186602,-16.4238524590164,4.47213595499958,-0.868381611117684,-12.2180327868852,-28.0258196721311,5.29150262212918,-1.65420474909943,1
"13",13,5,"arya2012","arya","2012","exp",11,"""meaningful"" task specific therapy","http://www.ncbi.nlm.nih.gov/pubmed/22668675","india","uttar pradesh","lucknow",20,20,20,1,28,56,51.67,NA,83.44,"<90days",0.22860274,1,5.63,"","","","",NA,"","",NA,"",NA,NA,NA,"","",NA,"","","",NA,"",NA,0,"fma-ue","fma","","lohse",0,1,51,11.98,9.74,0,51,29,14.7,0,0,51,32.02,15.47,0.5,17.02,12.46911384,20.04,12.92649411,1.364972701,1.550304346,0.984924623,1.344395223,1.526932924,0.037874024,0.043171015,0.036740701,0.041879188,0.5,-498.927459016393,9.13454979733539,-10.2530168122723,-16.4238524590164,4.47213595499958,-0.868381611117684,-10.7580327868852,-28.0258196721311,5.29150262212918,-1.65420474909943,1
"54",54,21,"conroy2011","conroy","2011","ctrl",44,"intensive conventional arm therapy","http://www.ncbi.nlm.nih.gov/pubmed/21849168","usa","MD","baltimore",18,18,18,1,42,126,56,NA,1460,">1year",4,1,NA,"","","","",NA,"","",NA,"",NA,NA,NA,"","71.4",NA,"","","",NA,"",NA,2,"fma-ue","fma","","lohse",1,0,21,18.2,12.5,1,19,19.39,NA,1,0,19,20.02,NA,0.5,1.19,12.5,1.82,12.5,0.0952,0.1456,0.962025316,0.09158481,0.140070886,0.047834834,0.048123794,0.04427079,0.044538221,-0.5,877.632540983607,38.2099463490856,18.822379739478,-18.4238524590164,4.24264068711928,-1.09787687899798,-6.42803278688525,-14.0258196721311,6.48074069840786,-0.464966672820751,1
"55",55,21,"conroy2011","conroy","2011","exp",45,"robot assisted therapy without gravity compensation","http://www.ncbi.nlm.nih.gov/pubmed/21849168","usa","MD","baltimore",18,18,18,1,42,126,57,NA,1095,">1year",3,1,NA,"","","","",NA,"","",NA,"",NA,NA,NA,"","73.2",NA,"","","",NA,"",NA,3,"fma-ue","fma","","lohse",1,0,20,20.3,14.7,1,17,23.27,NA,1,0,17,23.6,NA,0.5,2.97,14.7,3.3,14.7,0.202040816,0.224489796,0.96,0.193959184,0.215510204,0.051020512,0.051259892,0.047020504,0.047241116,0.5,512.632540983607,33.0907842155486,13.703217605941,-18.4238524590164,4.24264068711928,-1.09787687899798,-5.42803278688525,-14.0258196721311,6.48074069840786,-0.464966672820751,1
"56",56,21,"conroy2011","conroy","2011","exp",46,"robot assisted therapy with gravity compensation","http://www.ncbi.nlm.nih.gov/pubmed/21849168","usa","MD","baltimore",18,18,18,1,42,126,60,NA,1825,">1year",5,1,NA,"","","","",NA,"","",NA,"",NA,NA,NA,"","70.6",NA,"","","",NA,"",NA,5,"fma-ue","fma","","lohse",1,0,21,16.5,10.6,1,16,18.2,NA,1,0,16,19.11,NA,0.5,1.7,10.6,2.61,10.6,0.160377358,0.246226415,0.962025316,0.154287079,0.236876045,0.04823145,0.049062558,0.044637855,0.04540704,0.5,1242.63254098361,42.7200187265877,23.33245211698,-18.4238524590164,4.24264068711928,-1.09787687899798,-2.42803278688525,-14.0258196721311,6.48074069840786,-0.464966672820751,2
"57",57,22,"cooke2010","cooke","2010","ctrl",47,"conventional therapy","http://www.ncbi.nlm.nih.gov/pubmed/19704158","uk","norfolk","norwich",9.2,9.2,9.2,1,42,84,66.4,NA,36.76,"<90days",0.100712329,1,NA,"","","","",NA,"","",NA,">28",NA,NA,NA,"","",29.4,"","","",NA,"",NA,7,"10mwt","","speed","lohse",1,1,38,0.17,0.224,0,31,0.3,0.35,0,0,24,0.44,0.39,0.5,0.13,0.287332352,0.27,0.298742141,0.45243774,0.903789466,0.979591837,0.443204317,0.885344783,0.029009209,0.037063624,0.027837242,0.035566259,-0.5,-545.607459016393,6.06300255648965,-13.324564053118,-27.2238524590164,3.03315017762062,-2.30736738849664,3.97196721311476,-14.0258196721311,6.48074069840786,-0.464966672820751,4
"58",58,22,"cooke2010","cooke","2010","exp",48,"CPT+CPT","http://www.ncbi.nlm.nih.gov/pubmed/19704158","uk","norfolk","norwich",23,23,23,1,42,84,67.5,NA,32.43,"<90days",0.088849315,1,NA,"","","","",NA,"","",NA,">28",NA,NA,NA,"","",28.9,"","","",NA,"",NA,3,"10mwt","","speed","lohse",1,1,35,0.27,0.36,0,32,0.55,0.49,0,0,28,0.59,0.48,0.5,0.28,0.426966041,0.32,0.417392373,0.65578986,0.766664703,0.977777778,0.641216752,0.749627709,0.034715148,0.036968211,0.033189396,0.035343435,0.5,-549.937459016394,5.69473440996154,-13.6928321996461,-13.4238524590164,4.79583152331272,-0.544686042804544,5.07196721311475,-14.0258196721311,6.48074069840786,-0.464966672820751,4
"59",59,22,"cooke2010","cooke","2010","exp",49,"CPT+FST","http://www.ncbi.nlm.nih.gov/pubmed/19704158","uk","norfolk","norwich",23.5,23.5,23.5,1,42,84,71.2,NA,33.86,"<90days",0.092767123,1,NA,"","","","",NA,"","",NA,">28",NA,NA,NA,"","",30.3,"","","",NA,"",NA,0,"10mwt","","speed","lohse",1,1,36,0.23,0.29,0,36,0.42,0.39,0,0,29,0.46,0.37,0.5,0.19,0.343656806,0.23,0.327973576,0.552877164,0.701276007,0.978417266,0.540944563,0.686140554,0.032023238,0.034608167,0.030655857,0.03313041,0.5,-548.507459016393,5.81893461039046,-13.5686319992172,-12.9238524590164,4.84767985741633,-0.492837708700934,8.77196721311476,-14.0258196721311,6.48074069840786,-0.464966672820751,4
"84",84,31,"desrosiers2005","desrosiers","2005","exp",66,"cpt + repetition of unilateral and symmetrical tasks","http://www.ncbi.nlm.nih.gov/pubmed/16180593","canada","quebec","sherbrooke",15,15,15,1,35,NA,72.2,NA,34.2,"<90days",0.09369863,1,NA,"","83.5","124.1","",NA,"","",NA,"",NA,NA,NA,"","",NA,"","","",10.1,"",NA,3,"fma-ue","fma","","lohse",0,0,20,42.9,20,0,17,46.1,18.4,0,NA,NA,NA,NA,0.5,3.2,19.28504972,NA,20,0.165931644,NA,0.96,0.159294378,NA,0.050688333,NA,0.046714367,NA,0.5,-548.167459016393,5.84807660688538,-13.5394900027223,-21.4238524590164,3.87298334620742,-1.46753421990985,9.77196721311476,-21.0258196721311,5.91607978309962,-1.02962758812899,4
"85",85,31,"desrosiers2005","desrosiers","2005","ctrl",67,"CPT dosage matched to experimental group","http://www.ncbi.nlm.nih.gov/pubmed/16180593","canada","quebec","sherbrooke",15,15,15,1,35,NA,74.3,NA,35.4,"<90days",0.096986301,1,NA,"","86.1","117.3","",NA,"","",NA,"",NA,NA,NA,"","",NA,"","","",11.6,"",NA,5,"fma-ue","fma","","lohse",0,0,21,47,16.1,0,16,51.3,14.1,0,NA,NA,NA,NA,0.5,4.3,15.27495616,NA,16.1,0.281506536,NA,0.962025316,0.270816415,NA,0.049505855,NA,0.045817308,NA,-0.5,-546.967459016393,5.94978991225741,-13.4377766973502,-21.4238524590164,3.87298334620742,-1.46753421990985,11.8719672131148,-21.0258196721311,5.91607978309962,-1.02962758812899,4
"86",86,32,"di lauro2003","di lauro","2003","ctrl",68,"conventional therapy","http://www.ncbi.nlm.nih.gov/pubmed/14586603","italy","","naples",10.5,10.5,10.5,1,14,180,67.6,NA,1,"<90days",0.002739726,1,10.6,"","","","",NA,"","1.4",NA,"",NA,NA,NA,"","",NA,"","","",NA,"",NA,3,"bartel","","","lohse",0,0,29,1.5,1.5,0,26,3.2,2.6,0,0,22,7.7,3,0.5,1.7,2.092213777,6.2,2.267786838,0.812536471,2.733943021,0.972972973,0.790576026,2.66005267,0.045865785,0.16335249,0.043420056,0.154641949,-0.5,-581.367459016393,1,-18.3875666096076,-25.9238524590164,3.24037034920393,-2.10014721691333,5.17196721311475,-42.0258196721311,3.74165738677394,-3.20404998445467,4
"87",87,32,"di lauro2003","di lauro","2003","exp",69,"CPT + CPT","http://www.ncbi.nlm.nih.gov/pubmed/14586603","italy","","naples",28,28,28,1,14,180,69.3,NA,1,"<90days",0.002739726,1,10.8,"","","","",NA,"","1.5",NA,"",NA,NA,NA,"","",NA,"","","",NA,"",NA,4,"bartel","","","lohse",0,0,31,1.4,1.4,0,27,3.2,2,0,0,24,8,2.8,0.5,1.8,1.705034562,6.6,2.124075826,1.055697075,3.107233706,0.974789916,1.029082863,3.028900083,0.050233812,0.187982279,0.04773294,0.178623653,0.5,-581.367459016393,1,-18.3875666096076,-8.42385245901639,5.29150262212918,-0.049014943988082,6.87196721311475,-42.0258196721311,3.74165738677394,-3.20404998445467,4
"88",88,33,"dias2007","dias","2007","exp",70,"bodyweight supported treadmill training","http://www.ncbi.nlm.nih.gov/pubmed/18084173","portugal","","lisbon",16.67,16.67,16.67,1,35,90,70.35,7.36,1413,">1year",3.871232877,0,NA,">19","","","",NA,"","",NA,"51.5",36.85,NA,NA,"","",10.55,"","","",NA,"",NA,0,"motricity index - le","","","lohse",1,0,20,51.5,14.02,1,20,54.63,NA,1,0,20,59.95,NA,0.5,3.13,14.02,8.45,14.02,0.223252496,0.602710414,0.96,0.214322397,0.578601997,0.051246042,0.059081496,0.047228352,0.054449507,0.5,830.632540983607,37.589892258425,18.2023256488174,-19.7538524590164,4.08289113251872,-1.25762643359854,7.92196721311475,-21.0258196721311,5.91607978309962,-1.02962758812899,4
"89",89,33,"dias2007","dias","2007","ctrl",71,"conventional therapy using the bobath method","http://www.ncbi.nlm.nih.gov/pubmed/18084173","portugal","","lisbon",16.67,16.67,16.67,1,35,90,68,10.69,1453.5,">1year",3.982191781,0,NA,">19","","","",NA,"","",NA,"56.2",34.6,NA,NA,"","",10,"","","",NA,"",NA,0,"motricity index -le","","","lohse",1,0,20,56.2,10.46,1,20,59.91,NA,1,0,20,61.24,NA,0.5,3.71,10.46,5.04,10.46,0.354684512,0.481835564,0.96,0.340497132,0.462562141,0.053145028,0.055804138,0.048978457,0.051429093,-0.5,871.132540983607,38.1247950814165,18.7372284718089,-19.7538524590164,4.08289113251872,-1.25762643359854,5.57196721311475,-21.0258196721311,5.91607978309962,-1.02962758812899,4
"114",114,39,"duncan2003","duncan","2003","ctrl",84,"standard care","http://www.ncbi.nlm.nih.gov/pubmed/12920254","usa","FL","gainesville",28.65,28.65,28.65,3,84,NA,70.2,11.4,73.5,"<90days",0.201369863,1,NA,"","","","",NA,"","",NA,"",NA,NA,NA,"","",NA,"","","",NA,"",NA,2,"fma-ue","fma","","lohse",0,1,48,23.7,3.5,1,48,25.46,NA,NA,NA,NA,NA,NA,0.5,1.76,3.5,NA,3.5,0.502857143,NA,0.983957219,0.494789916,NA,0.023467347,NA,0.022720424,NA,-0.5,-508.867459016393,8.57321409974112,-10.8143525098665,-7.7738524590164,5.35256947642905,0.0120519103117909,7.77196721311476,27.9741803278689,9.16515138991168,2.21944401868307,4
"115",115,39,"duncan2003","duncan","2003","exp",85,"home exercise program","http://www.ncbi.nlm.nih.gov/pubmed/12920254","usa","FL","gainesville",50.66,50.66,50.66,3,84,NA,68.5,9,77.5,"<90days",0.212328767,1,NA,"","","","",NA,"","",NA,"",NA,NA,NA,"","",NA,"","","",NA,"",NA,6,"fma-ue","fma","","lohse",0,1,44,24.1,3.7,1,44,26.84,NA,NA,NA,NA,NA,NA,0.5,2.74,3.7,NA,3.7,0.740540541,NA,0.98245614,0.727548601,NA,0.028959094,NA,0.027951899,NA,0.5,-504.867459016393,8.8034084308295,-10.5841581787781,14.2361475409836,7.1175838597097,1.77706629359243,6.07196721311475,27.9741803278689,9.16515138991168,2.21944401868307,4
"122",122,40,"duncan2011","duncan","2011","exp",86,"early locomotor","http://www.nejm.org/doi/full/10.1056/NEJMoa1010790","usa","NC","durham",54,54,54,3,98,365,60.1,12.3,64.1,"<90days",0.175616438,1,NA,"26","","","",NA,"","",NA,"",NA,NA,NA,"","54.1",NA,"","","3.370503597",NA,"",NA,NA,"gait speed comfortable","","speed","lohse",1,1,139,0.37,0.22,1,139,0.62,NA,1,0,139,0.6,NA,0.5,0.25,0.22,0.23,0.22,1.136363636,1.045454545,0.994555354,1.130176539,1.039762415,0.011839289,0.01112581,0.011710718,0.011004988,0.5,-518.267459016393,8.00624756049924,-11.3813190491084,17.5761475409836,7.34846922834953,2.00795166223227,-2.32803278688525,41.9741803278689,9.89949493661167,2.95378756538305,2
"123",123,40,"duncan2011","duncan","2011","ctrl",87,"late locomotor (pre-crossover)","http://www.nejm.org/doi/full/10.1056/NEJMoa1010790","usa","NC","durham",22.5,22.5,22.5,3,98,98,63.3,12.5,64.18,"<90days",0.175835616,1,NA,"26.2","","","",NA,"","",NA,"",NA,NA,NA,"","55.7",NA,"","","3.08",NA,"",NA,NA,"gait speed comfortable","","speed","lohse",1,1,143,0.38,0.23,1,143,0.51,NA,1,0,143,NA,NA,0.5,0.13,0.23,NA,0.23,0.565217391,NA,0.994708995,0.562226823,NA,0.008110037,NA,0.008024444,NA,-0.5,-518.187459016393,8.01124210094789,-11.3763245086597,-13.9238524590164,4.74341649025257,-0.597101075864694,0.87196721311475,41.9741803278689,9.89949493661167,2.95378756538305,3
"124",124,40,"duncan2011","duncan","2011","exp",88,"home exercise program","http://www.nejm.org/doi/full/10.1056/NEJMoa1010790","usa","NC","durham",54,54,54,3,98,365,62.6,13.3,62.9,"<90days",0.172328767,1,NA,"26","","","",NA,"","",NA,"",NA,NA,NA,"","54.4",NA,"","","3.25",NA,"",NA,NA,"gait speed comfortable","","speed","lohse",1,1,126,0.39,0.22,1,126,0.62,NA,1,0,126,0.64,NA,0.5,0.23,0.22,0.25,0.22,1.045454545,1.136363636,0.993987976,1.039169248,1.129531791,0.012273711,0.013060803,0.012126575,0.012904231,0.5,-519.467459016393,7.93095202355934,-11.4566145860483,17.5761475409836,7.34846922834953,2.00795166223227,0.171967213114755,41.9741803278689,9.89949493661167,2.95378756538305,3
"131",131,41,"eich2004","eich","2004","exp",89,"treadmill walking + conventional therapy","http://www.ncbi.nlm.nih.gov/pubmed/15473116","germany","","berlin",30,30,30,3,42,84,62.4,6,42.7,"<90days",0.116986301,1,NA,"","","","",NA,"","",67.8,"",NA,NA,NA,"","",NA,"","","",NA,"",NA,0,"10mwt","","speed","lohse",0,1,25,0.4,0.17,0,25,0.71,0.3,0,0,24,0.77,0.35,0.5,0.31,0.243823707,0.37,0.273320792,1.271410414,1.353720649,0.968421053,1.231260611,1.310971576,0.072329689,0.076651192,0.067833627,0.071886503,0.5,-539.667459016393,6.53452370108182,-12.8530429085258,-6.42385245901639,5.47722557505166,0.136708008934398,-0.0280327868852481,-14.0258196721311,6.48074069840786,-0.464966672820751,3
"132",132,41,"eich2004","eich","2004","ctrl",90,"conventional therapy dosage matched to exp group","http://www.ncbi.nlm.nih.gov/pubmed/15473116","germany","","berlin",30,30,30,3,42,84,64,4.8,65.6,"<90days",0.179726027,1,NA,"","","","",NA,"","",65.6,"",NA,NA,NA,"","",NA,"","","",NA,"",NA,0,"10mwt","","speed","lohse",0,1,25,0.44,0.22,0,25,0.6,0.22,0,0,25,0.58,0.22,0.5,0.16,0.22,0.14,0.22,0.727272727,0.636363636,0.968421053,0.70430622,0.616267943,0.050578512,0.048099174,0.047434518,0.045109297,-0.5,-516.767459016393,8.09938269252663,-11.288183917081,-6.42385245901639,5.47722557505166,0.136708008934398,1.57196721311475,-14.0258196721311,6.48074069840786,-0.464966672820751,3
"135",135,42,"fang2003","fang","2003","exp",91,"additional early physiotherapy","http://www.ncbi.nlm.nih.gov/pubmed/12971705","china","","guangzhou",15,15,15,1,30,180,65.49,10.94,7,"<90days",0.019178082,1,NA,"19.37","","","",NA,"","25.7",NA,"",NA,NA,14.04,"","",NA,"","","",NA,"",NA,28,"fma-ue","fma","","lohse",0,0,50,16.5,16.34,0,50,25.89,20.83,1,0,14,41.86,23.82,0.5,9.39,18.72010283,25.36,18.16540739,0.501599809,1.396060074,0.984615385,0.493882889,1.374582227,0.022516024,0.039489837,0.021828552,0.038284112,0.5,-575.367459016393,2.64575131106459,-16.7418152985431,-21.4238524590164,3.87298334620742,-1.46753421990985,3.06196721311475,-26.0258196721311,5.47722557505166,-1.46848179617695,3
"136",136,42,"fang2003","fang","2003","ctrl",92,"not clear described as CPT and ""no professional rehabilitation""","http://www.ncbi.nlm.nih.gov/pubmed/12971705","china","","guangzhou",11.25,11.25,11.25,1,30,180,61.8,10.94,7,"<90days",0.019178082,1,NA,"18.85","","","",NA,"","33.53",NA,"",NA,NA,13.1,"","",NA,"","","",NA,"",NA,0,"fma-ue","fma","","lohse",0,0,78,22.99,21.91,0,78,28.66,21.4,1,0,12,48.52,26.65,0.5,5.67,21.65650133,25.53,22.5570366,0.261815143,1.131797605,0.990228013,0.259256689,1.120737694,0.013259918,0.021031832,0.013002032,0.020622795,-0.5,-575.367459016393,2.64575131106459,-16.7418152985431,-25.1738524590164,3.35410196624968,-1.98641559986758,-0.62803278688525,-26.0258196721311,5.47722557505166,-1.46848179617695,2
"139",139,43,"feys1998","feys","1998","ctrl",93,"standard care","http://www.ncbi.nlm.nih.gov/pubmed/9550512","belgium","","leuven",15,15,15,2,42,365,62.78,NA,24.02,"<90days",0.065808219,1,NA,"","","","",NA,"","",NA,"",NA,NA,NA,"","",NA,"","","",NA,"",NA,4,"fma-ue","fma","","lohse",0,0,50,2.357142857,0.782868222,0,46,2.792857143,0.883883476,NA,NA,39,3.160714286,0.833375849,0.5,0.435714286,0.832756893,0.803571429,0.805318753,0.523219068,0.997830269,0.984615385,0.515169544,0.982479034,0.022737582,0.029956652,0.022043346,0.029042,-0.5,-558.347459016393,4.90102030193714,-14.4865463076705,-21.4238524590164,3.87298334620742,-1.46753421990985,0.351967213114754,-14.0258196721311,6.48074069840786,-0.464966672820751,3
"140",140,43,"feys1998","feys","1998","exp",94,"SC + sensory therapy","http://www.ncbi.nlm.nih.gov/pubmed/9550512","belgium","","leuven",30,30,30,2,42,365,65.62,NA,21.4,"<90days",0.058630137,1,NA,"","","","",NA,"","",NA,"",NA,NA,NA,"","",NA,"","","",NA,"",NA,10,"fma-ue","fma","","lohse",0,0,50,2.367857143,0.782868222,0,40,2.932142857,0.707106781,NA,NA,37,3.45,0.63134534,0.5,0.564285714,0.750236705,1.082142857,0.72258311,0.752143571,1.49760331,0.984615385,0.740572131,1.474563259,0.0256572,0.042428157,0.02487382,0.041132717,0.5,-560.967459016393,4.62601340248815,-14.7615532071195,-6.42385245901639,5.47722557505166,0.136708008934398,3.19196721311476,-14.0258196721311,6.48074069840786,-0.464966672820751,3
"161",161,48,"GAPS Group2004","GAPS Group","2004","ctrl",103,"conventional therapy","http://www.ncbi.nlm.nih.gov/pubmed/15293487","uk","","glasgow",11.66666667,11.66666667,11.66666667,1,28,180,67,NA,40,"<90days",0.109589041,1,NA,"","","","",NA,"","10.3",NA,"100",NA,NA,NA,"","",4.6,"","","0.628571429",NA,"",NA,0,"motricity","","","lohse",0,1,35,100,43,0,35,111,45,NA,NA,34,121,51,0.5,11,44.01136217,21,47.11038166,0.249935459,0.445761619,0.977777778,0.244381338,0.435855805,0.029463825,0.031410049,0.028168871,0.030029558,-0.5,-542.367459016393,6.32455532033676,-13.0630112892709,-24.7571857890164,3.41565025580782,-1.92486731030945,4.57196721311475,-28.0258196721311,5.29150262212918,-1.65420474909943,4
"162",162,48,"GAPS Group2004","GAPS Group","2004","exp",104,"CPT + CPT","http://www.ncbi.nlm.nih.gov/pubmed/15293487","uk","","glasgow",23.33333333,23.33333333,23.33333333,1,28,180,68,NA,35,"<90days",0.095890411,1,NA,"","","","",NA,"","11.8",NA,"110",NA,NA,NA,"","",5.2,"","","0.685714286",NA,"",NA,1,"motricity","","","lohse",0,1,35,110,43,0,34,119,46,NA,NA,32,124,42,0.5,9,44.50289275,14,42.52601014,0.202234045,0.329210287,0.977777778,0.197739955,0.321894503,0.029155694,0.030119706,0.027874284,0.028795926,0.5,-547.367459016393,5.91607978309962,-13.471486826508,-13.0905191290164,4.83045891505145,-0.510058651065817,5.57196721311475,-28.0258196721311,5.29150262212918,-1.65420474909943,4
"182",182,55,"harris2009","harris","2009","exp",118,"supplementary arm and hand therapy plus usual care","http://www.ncbi.nlm.nih.gov/pubmed/19359633","canada","","vancouver",43.2,43.2,43.2,2,28,118,69.4,15.3,20.5,"<90days",0.056164384,1,NA,"26.7","","","",NA,"","",NA,"",NA,NA,NA,"","",NA,"","","",NA,"",NA,0,"Chedoke Arm Hand","","","lohse",1,1,53,32.6,15.3,0,53,46.7,14.7,NA,NA,53,45.4,14.7,0.5,14.1,15.0029997,12.8,15.0029997,0.939812056,0.853162718,0.985507246,0.926191592,0.840798041,0.027200441,0.025734779,0.026417735,0.024994249,0.5,-561.867459016393,4.52769256906871,-14.8598740405389,6.77614754098361,6.57267069006199,1.23215312394473,6.97196721311476,-28.0258196721311,5.29150262212918,-1.65420474909943,4
"183",183,55,"harris2009","harris","2009","ctrl",119,"usual care","http://www.ncbi.nlm.nih.gov/pubmed/19359633","canada","","vancouver",31.2,31.2,31.2,2,28,118,69.3,11.7,20.8,"<90days",0.056986301,1,NA,"26.9","","","",NA,"","",NA,"",NA,NA,NA,"","",NA,"","","",NA,"",NA,0,"Chedoke Arm Hand","","","lohse",1,1,50,32.7,17.2,0,50,40.1,14.7,NA,NA,50,45.4,7.9,0.5,7.4,15.99890621,12.7,13.38375881,0.462531619,0.948911302,0.984615385,0.455415748,0.934312666,0.022139355,0.029004327,0.021463384,0.028118751,-0.5,-561.567459016394,4.56070170039655,-14.8268649092111,-5.2238524590164,5.58569601750758,0.245178451390313,6.87196721311475,-28.0258196721311,5.29150262212918,-1.65420474909943,4
"190",190,58,"hesse2011","hesse","2011","ctrl",124,"continuous low intensity","http://www.ncbi.nlm.nih.gov/pubmed/7762049","germany","","berlin",65,65,65,1,365,455,61.9,9.4,103.6,"<1year",0.283835616,1,NA,"","","","",NA,"","",NA,"",NA,8.6,NA,"","",8.5,"","5.3","",NA,"",NA,0,"rivermead mobility","","","lohse",1,1,25,8.5,3.5,0,25,11.2,2.7,NA,NA,25,11.3,2.7,0.5,2.7,3.125699922,2.8,3.125699922,0.863806529,0.895799363,0.968421053,0.836528428,0.867510962,0.054923234,0.05604913,0.05150917,0.052565079,-0.5,-478.767459016393,10.1784085199996,-9.20915808960807,28.5761475409836,8.06225774829855,2.72174018218129,-0.528032786885248,308.974180327869,19.1049731745428,12.1592658033142,2
"191",191,58,"hesse2011","hesse","2011","exp",125,"intermittent high intensity","http://www.ncbi.nlm.nih.gov/pubmed/7762049","germany","","berlin",120,120,120,1,365,455,62.4,11.3,114.8,"<1year",0.314520548,1,NA,"","","","",NA,"","",NA,"",NA,8.1,NA,"","",9.4,"","6.7","",NA,"",NA,0,"rivermead mobility","","","lohse",1,1,25,9.4,2.8,0,25,12.2,2.1,NA,NA,25,12.2,1.7,0.5,2.8,2.474873734,2.8,2.316246964,1.13137085,1.208852097,0.968421053,1.095643349,1.17067782,0.0656,0.069226468,0.06152226,0.064923305,0.5,-467.567459016393,10.7144761887831,-8.67309042082454,83.5761475409836,10.9544511501033,5.61393358398606,-0.0280327868852481,308.974180327869,19.1049731745428,12.1592658033142,3
"194",194,59,"hidler2009","hidler","2009","exp",126,"lokomat gait training","http://www.ncbi.nlm.nih.gov/pubmed/19109447","usa","DC","washington DC",24,24,24,3,63,153,59.5,9.4,110.9,"<1year",0.303835616,1,NA,"26.7","","","",NA,"","",NA,"",NA,NA,NA,"","",NA,"","","",NA,"8.2",NA,5,"gait speed SSV","","speed","lohse",1,0,33,0.34,0.172,1,33,0.46,NA,1,0,33,0.49,NA,0.5,0.12,0.172,0.15,0.172,0.697674419,0.872093023,0.976377953,0.681193921,0.851492401,0.037678024,0.041826458,0.035918984,0.039873744,0.5,-471.467459016393,10.5309068935206,-8.85665971608703,-12.4238524590164,4.89897948556636,-0.441538080550908,-2.92803278688525,6.97418032786885,7.93725393319377,0.991546561965161,2
"195",195,59,"hidler2009","hidler","2009","ctrl",127,"conventional gait training","http://www.ncbi.nlm.nih.gov/pubmed/19109447","usa","DC","washington DC",24,24,24,3,63,153,54.6,11.3,138.9,"<1year",0.380547945,1,NA,"26.8","","","",NA,"","",NA,"",NA,NA,NA,"","",NA,"","","",NA,"7.4",NA,4,"gait speed SSV","","speed","lohse",1,0,30,0.35,0.164,1,30,0.6,NA,1,0,30,0.65,NA,0.5,0.25,0.164,0.3,0.164,1.524390244,1.829268293,0.973913043,1.484623542,1.78154825,0.07206276,0.089103708,0.068352005,0.084515457,-0.5,-443.467459016393,11.7855844148689,-7.60198219473877,-12.4238524590164,4.89897948556636,-0.441538080550908,-7.82803278688525,6.97418032786885,7.93725393319377,0.991546561965161,1
"212",212,64,"hui chan2009","hui chan","2009","ctrl",138,"no treatment?","http://www.ncbi.nlm.nih.gov/pubmed/19509438","china","","hong kong",0,0,0,1,28,56,56.6,7.9,1715.5,">1year",4.7,0,NA,"","","","",NA,"","",NA,"",NA,NA,NA,"","",NA,"","","",NA,"",NA,0,"gait speed 4.6m","","speed","lohse",0,1,29,0.589,0.249,0,29,0.609,0.248,NA,NA,29,0.612,0.242,0.5,0.02,0.248500503,0.023,0.245524948,0.080482734,0.093676835,0.972972973,0.078307525,0.091145029,0.034594439,0.034634058,0.032749739,0.032787245,-0.5,1133.13254098361,41.4185948578655,22.0310282482578,-36.4238524590164,0,-5.34051756611726,-5.82803278688525,-28.0258196721311,5.29150262212918,-1.65420474909943,1
"213",213,64,"hui chan2009","hui chan","2009","exp",139,"transcutaneous electrical stim only","http://www.ncbi.nlm.nih.gov/pubmed/19509438","china","","hong kong",0,0,0,1,28,56,56.6,7.9,1715.5,">1year",4.7,0,NA,"","","","",NA,"","",NA,"",NA,NA,NA,"","",NA,"","","",NA,"",NA,0,"gait speed 4.6m","","speed","lohse",0,1,28,0.577,0.263,0,28,0.649,0.289,NA,NA,28,0.612,0.273,0.5,0.072,0.27630599,0.035,0.268046638,0.26058067,0.130574292,0.971962617,0.25327467,0.126913331,0.036926827,0.036018744,0.034885191,0.034027315,0.5,1133.13254098361,41.4185948578655,22.0310282482578,-36.4238524590164,0,-5.34051756611726,-5.82803278688525,-28.0258196721311,5.29150262212918,-1.65420474909943,1
"214",214,64,"hui chan2009","hui chan","2009","exp",140,"placebo stim + task specific training","http://www.ncbi.nlm.nih.gov/pubmed/19509438","china","","hong kong",20,20,20,1,28,56,56.6,7.9,1715.5,">1year",4.7,0,NA,"","","","",NA,"","",NA,"",NA,NA,NA,"","",NA,"","","",NA,"",NA,0,"gait speed 4.6m","","speed","lohse",0,1,25,0.507,0.245,0,25,0.606,0.297,NA,NA,25,0.613,0.286,0.5,0.099,0.272244376,0.106,0.266290255,0.363643876,0.398061882,0.968421053,0.352160385,0.385491506,0.042644737,0.043169065,0.039993912,0.040485647,0.5,1133.13254098361,41.4185948578655,22.0310282482578,-16.4238524590164,4.47213595499958,-0.868381611117684,-5.82803278688525,-28.0258196721311,5.29150262212918,-1.65420474909943,1
"215",215,64,"hui chan2009","hui chan","2009","exp",141,"STIM + task specific training","http://www.ncbi.nlm.nih.gov/pubmed/19509438","china","","hong kong",20,20,20,1,28,56,56.6,7.9,1715.5,">1year",4.7,0,NA,"","","","",NA,"","",NA,"",NA,NA,NA,"","",NA,"","","",NA,"",NA,0,"gait speed 4.6m","","speed","lohse",0,1,27,0.479,0.268,0,27,0.666,0.325,NA,NA,27,0.702,0.327,0.5,0.187,0.297866581,0.223,0.298959027,0.627797853,0.745921613,0.970873786,0.609512479,0.724195741,0.044335743,0.047340723,0.04179069,0.044623172,0.5,1133.13254098361,41.4185948578655,22.0310282482578,-16.4238524590164,4.47213595499958,-0.868381611117684,-5.82803278688525,-28.0258196721311,5.29150262212918,-1.65420474909943,1
"236",236,70,"jin2012","jin","2012","exp",154,"progressive cycling training with lower limb weights","http://www.ncbi.nlm.nih.gov/pubmed/22376194","china","","taixing",46.8,46.8,46.8,1,56,NA,57,NA,555,">1year",1.520547945,1,NA,"","","","",NA,"","",NA,"",47.9,NA,NA,"","",10.3,"","","",NA,"",NA,0,"6minwt","","","lohse",1,0,68,0.588,0.18,0,68,0.607,0.18,NA,NA,NA,NA,NA,0.5,0.019,0.18,NA,0.18,0.105555556,NA,0.988764045,0.104369538,NA,0.014787809,NA,0.014457365,NA,0.5,-27.3674590163935,23.5584379787795,4.17087136917185,10.3761475409836,6.84105255059483,1.50053498447756,-5.42803278688525,-0.0258196721311492,7.48331477354788,0.537607402319272,1
"237",237,70,"jin2012","jin","2012","ctrl",155,"low-intensity over ground walking","http://www.ncbi.nlm.nih.gov/pubmed/22376194","china","","taixing",46.8,46.8,46.8,1,56,NA,56,NA,537,">1year",1.471232877,1,NA,"","","","",NA,"","",NA,"",47.4,NA,NA,"","",10.2,"","","",NA,"",NA,0,"6minwt","","","lohse",1,0,65,0.589,0.14,0,65,0.593,0.141,NA,NA,NA,NA,NA,0.5,0.004,0.14050089,NA,0.14,0.028469571,NA,0.988235294,0.028134634,NA,0.01539085,NA,0.015030843,NA,-0.5,-45.3674590163935,23.1732604525129,3.78569384290529,10.3761475409836,6.84105255059483,1.50053498447756,-6.42803278688525,-0.0258196721311492,7.48331477354788,0.537607402319272,1
"238",238,71,"jin2013","jin","2013","exp",156,"progressive cycling intervention","http://www.ncbi.nlm.nih.gov/pubmed/23535796","china","","nanjing",40.2,40.2,40.2,1,84,NA,57.6,NA,561,">1year",1.536986301,1,NA,"","","","",NA,"","",NA,"",NA,NA,NA,"","",NA,"","","",NA,"",NA,0,"6minwt","","","lohse",1,0,65,0.59,0.178,0,65,0.609,0.179,NA,NA,NA,NA,NA,0.5,0.019,0.1785007,NA,0.178,0.106442159,NA,0.988235294,0.105189899,NA,0.015471769,NA,0.015109869,NA,0.5,-21.3674590163935,23.685438564654,4.29787195504638,3.77614754098361,6.34034699365894,0.99982942754168,-4.82803278688525,27.9741803278689,9.16515138991168,2.21944401868307,2
"239",239,71,"jin2013","jin","2013","ctrl",157,"stretching with overground walking","http://www.ncbi.nlm.nih.gov/pubmed/23535796","china","","nanjing",4.8,4.8,4.8,1,84,NA,56.3,NA,537,">1year",1.471232877,1,NA,"","","","",NA,"","",NA,"",NA,NA,NA,"","",NA,"","","",NA,"",NA,0,"6minwt","","","lohse",1,0,63,0.59,0.142,0,63,0.593,0.144,NA,NA,NA,NA,NA,0.5,0.003,0.143003496,NA,0.142,0.020978508,NA,0.987854251,0.020723708,NA,0.015876509,NA,0.015493187,NA,-0.5,-45.3674590163935,23.1732604525129,3.78569384290529,-31.6238524590164,2.19089023002066,-3.1496273360966,-6.12803278688525,27.9741803278689,9.16515138991168,2.21944401868307,1
"276",276,83,"kiper2011","kiper","2011","ctrl",182,"CPT + CPT","http://www.ncbi.nlm.nih.gov/pubmed/22127938","italy","","venice",40,40,40,1,28,NA,64,NA,171,"<1year",0.468493151,0,NA,">24","","","",NA,"","",NA,"",NA,NA,NA,"","",NA,"","","",NA,"",NA,0,"fma-ue","fma","","lohse",0,0,40,44.8,17.4,0,40,46.4,17.1,NA,NA,NA,NA,NA,0.5,1.6,17.25065216,NA,17.4,0.092750117,NA,0.980645161,0.090954953,NA,0.025107532,NA,0.024145033,NA,-0.5,-411.367459016393,13.076696830622,-6.31086977898562,3.57614754098361,6.32455532033676,0.984037754219496,1.57196721311475,-28.0258196721311,5.29150262212918,-1.65420474909943,3
"277",277,83,"kiper2011","kiper","2011","exp",183,"CPT + reinforcing feedback in a VE","http://www.ncbi.nlm.nih.gov/pubmed/22127938","italy","","venice",40,40,40,1,28,NA,64,NA,171,"<1year",0.468493151,0,NA,">24","","","",NA,"","",NA,"",NA,NA,NA,"","",NA,"","","",NA,"",NA,0,"fma-ue","fma","","lohse",0,0,40,39.1,17,0,40,48.9,15.2,NA,NA,NA,NA,NA,0.5,9.8,16.12513566,NA,17,0.607746825,NA,0.980645161,0.595983983,NA,0.029616953,NA,0.028481585,NA,0.5,-411.367459016393,13.076696830622,-6.31086977898562,3.57614754098361,6.32455532033676,0.984037754219496,1.57196721311475,-28.0258196721311,5.29150262212918,-1.65420474909943,3
"284",284,85,"kwakkel/kwakkel1999/2002","kwakkel/kwakkel","1999/2002","ctrl",186,"conventional therapy","http://www.ncbi.nlm.nih.gov/pubmed/10421300","netherlands","","amsterdam",73.5,73.5,73.5,2,140,364,64.1,15,7.5,"<90days",0.02,1,NA,"26","","","",NA,"","",NA,"",NA,NA,15,"","",NA,"","","",NA,"",4.8,3,"10mwt SSV","","speed","lohse",0,1,37,0,0,0,37,0.37,0.41,NA,NA,37,0.53,0.44,0.5,0.37,0.41,0.53,0.44,0.902439024,1.204545455,0.979020979,0.883506737,1.17927527,0.038032381,0.046634186,0.036453356,0.044698031,-0.5,-574.867459016393,2.73861278752583,-16.6489538220818,37.0761475409836,8.57321409974112,3.23269653362386,1.67196721311475,83.9741803278689,11.8321595661992,4.88645219497062,3
"285",285,85,"kwakkel/kwakkel1999/2002","kwakkel/kwakkel","1999/2002","exp",187,"arm intensive therapy + CPT","http://www.ncbi.nlm.nih.gov/pubmed/10421300","netherlands","","amsterdam",114.5,114.5,114.5,2,140,364,69,9.8,7.2,"<90days",0.02,1,NA,"27","","","",NA,"","",NA,"",NA,NA,15,"","",NA,"","","",NA,"",4.4,4,"10mwt SSV","","speed","lohse",0,1,33,0,0,0,33,0.55,0.46,NA,NA,33,0.59,0.44,0.5,0.55,0.46,0.59,0.44,1.195652174,1.340909091,0.976377953,1.167408422,1.309234073,0.051963396,0.057546018,0.049537428,0.054859419,0.5,-575.167459016393,2.68328157299975,-16.7042850366079,78.0761475409836,10.7004672795163,5.35994971339908,6.57196721311475,83.9741803278689,11.8321595661992,4.88645219497062,4
"286",286,85,"kwakkel/kwakkel1999/2002","kwakkel/kwakkel","1999/2002","exp",188,"leg intensive therapy + CPT","http://www.ncbi.nlm.nih.gov/pubmed/10421300","netherlands","","amsterdam",117.17,117.17,117.17,2,140,364,64.5,9.7,7,"<90days",0.02,1,NA,"27","","","",NA,"","",NA,"",NA,NA,15,"","",NA,"","","",NA,"",4,5,"10mwt SSV","","speed","lohse",0,1,31,0,0,0,31,0.65,0.46,NA,NA,31,0.64,0.46,0.5,0.65,0.46,0.64,0.46,1.413043478,1.391304348,0.974789916,1.377420533,1.356229448,0.064462772,0.06347948,0.061253518,0.060319179,0.5,-575.367459016393,2.64575131106459,-16.7418152985431,80.7461475409836,10.8245092267502,5.48399166063293,2.07196721311475,83.9741803278689,11.8321595661992,4.88645219497062,3
"298",298,88,"langhammer2010","langhammer","2010","ctrl",193,"treadmill therapy + CPT","http://www.ncbi.nlm.nih.gov/pubmed/20026572","norway","","oslo",35.85,35.85,35.85,3,15.9,NA,74,13.3,419,">1year",1.147945205,0,NA,"","","","",NA,"","",NA,"",NA,NA,NA,"5.4","",NA,"","","",NA,"",NA,3,"6minwt","","","lohse",0,1,21,277.7,139.9,0,21,320.6,153.8,NA,NA,NA,NA,NA,0.5,42.9,147.01437,NA,139.9,0.291808209,NA,0.962025316,0.280726884,NA,0.049646477,NA,0.045947452,NA,-0.5,-163.367459016393,20.4694894904587,1.08192288085108,-0.573852459016393,5.98748695196908,0.646969385851818,11.5719672131148,-40.1258196721312,3.98748040747538,-2.95822696375323,4
"308",308,92,"laver2012","laver","2012","ctrl",201,"CPT","http://www.ncbi.nlm.nih.gov/pubmed/22409245","australia","","adelaide",4.2,4.2,4.2,1,14.95,NA,84.6,NA,2,"<90days",0.005479452,0,NA,"26.1","","","",NA,"","",NA,"",NA,NA,NA,"","",NA,"","","",NA,"",NA,0,"tug","","","lohse",1,1,22,35.41,19.05,0,22,28.86,11.71,NA,NA,NA,NA,NA,0.5,-6.55,15.81180888,NA,19.05,0.414247355,NA,0.963855422,0.399274559,NA,0.049354565,NA,0.045851244,NA,-0.5,-580.367459016393,1.4142135623731,-17.9733530472345,-32.2238524590164,2.04939015319192,-3.29112741292534,22.1719672131147,-41.0758196721311,3.86652298583624,-3.07918438539237,4
"309",309,92,"laver2012","laver","2012","exp",202,"balance training using Wii fit","http://www.ncbi.nlm.nih.gov/pubmed/22409245","australia","","adelaide",4.2,4.2,4.2,1,12.3,NA,85.2,NA,2,"<90days",0.005479452,0,NA,"26.23","","","",NA,"","",NA,"",NA,NA,NA,"","",NA,"","","",NA,"",NA,2,"tug","","","lohse",1,1,22,37.95,18.77,0,22,27.9,10.44,NA,NA,NA,NA,NA,0.5,-10.05,15.18727263,NA,18.77,0.661738302,NA,0.963855422,0.63782005,NA,0.055406763,NA,0.05147384,NA,0.5,-580.367459016393,1.4142135623731,-17.9733530472345,-32.2238524590164,2.04939015319192,-3.29112741292534,22.7719672131148,-43.7258196721312,3.50713558335004,-3.43857178787857,4
"332",332,98,"lo2010","lo","2010","exp",217,"intensive Robot assisted therapy","http://www.nejm.org/doi/full/10.1056/NEJMoa0911341","usa","RI","providence",33,33,33,4,84,252,66,NA,1314,">1year",3.6,1,NA,"","","","",NA,"","",NA,"",NA,NA,NA,"","49.2",NA,"","0.8","",NA,"",NA,5,"fma-ue","fma","","lohse",1,0,49,19.7,10.7,1,47,23.57,NA,1,0,47,24.5,NA,0.5,3.87,10.7,4.8,10.7,0.361682243,0.448598131,0.984293194,0.35600137,0.441552087,0.021743,0.022461636,0.021065338,0.021761576,0.5,731.632540983607,36.2491379207837,16.8615713111761,-3.42385245901639,5.74456264653803,0.404045080420765,3.57196721311475,27.9741803278689,9.16515138991168,2.21944401868307,3
"333",333,98,"lo2010","lo","2010","exp",218,"intensive usual care","http://www.nejm.org/doi/full/10.1056/NEJMoa0911341","usa","RI","providence",32,32,32,4,84,252,64,NA,1752,">1year",4.8,1,NA,"","","","",NA,"","",NA,"",NA,NA,NA,"","50.5",NA,"","1","",NA,"",NA,8,"fma-ue","fma","","lohse",1,0,50,17.3,8.4,1,46,21.31,NA,1,0,46,20.2,NA,0.5,4.01,8.4,2.9,8.4,0.477380952,0.345238095,0.984615385,0.47003663,0.33992674,0.022278926,0.021191893,0.021598693,0.020544851,0.5,1169.63254098361,41.8568990729127,22.4693324633051,-4.42385245901639,5.65685424949238,0.316336683375117,1.57196721311475,27.9741803278689,9.16515138991168,2.21944401868307,3
"336",336,100,"luft2008","luft","2008","ctrl",221,"stretching","http://www.ncbi.nlm.nih.gov/pubmed/18757284","germany","","tubingen",0,0,0,1,168,NA,63.6,10,1338,">1year",3.665753425,1,3.6,">18","","","",NA,"","",NA,"",NA,NA,NA,"","",NA,"","","",NA,">16",NA,20,"10mwt SSV","","speed","lohse",1,0,34,0.53,0.28,0,34,0.57,NA,NA,NA,NA,NA,NA,0.5,0.04,0.28,NA,0.28,0.142857143,NA,0.977099237,0.139585605,NA,0.029711885,NA,0.028366617,NA,-0.5,755.632540983607,36.5786823163438,17.1911157067361,-36.4238524590164,0,-5.34051756611726,1.17196721311475,111.974180327869,12.9614813968157,6.01577402558711,3
"337",337,100,"luft2008","luft","2008","exp",222,"progressive BWS treadmill training","http://www.ncbi.nlm.nih.gov/pubmed/18757284","germany","","tubingen",48.24,48.24,48.24,1,168,NA,63.2,8.7,1875,">1year",5.136986301,1,3.5,">18","","","",NA,"","",NA,"",NA,NA,NA,"","",NA,"","","",NA,">16",NA,22,"10mwt SSV","","speed","lohse",1,0,37,0.55,0.3,0,37,0.63,NA,NA,NA,NA,NA,NA,0.5,0.08,0.3,NA,0.3,0.266666667,NA,0.979020979,0.261072261,NA,0.027987988,NA,0.026825985,NA,0.5,1292.63254098361,43.3012701892219,23.9137035796143,11.8161475409836,6.94550214167414,1.60498457555687,0.771967213114756,111.974180327869,12.9614813968157,6.01577402558711,3
"342",342,102,"macko2005","macko","2005","ctrl",225,"stretching and low intensity aerobic exercise","http://www.ncbi.nlm.nih.gov/pubmed/16151035","usa","MD","baltimore",5.76,5.76,5.76,1,180,NA,64,8,1170,">1year",3.205479452,1,NA,"","","","",NA,"","",NA,"",NA,NA,NA,"","",11.7,"","","",NA,"",NA,NA,"6minwt","","","lohse",0,0,29,848,109,0,29,868,100,NA,NA,NA,NA,NA,0.5,20,104.5968451,NA,109,0.191210356,NA,0.972972973,0.186042509,NA,0.035113128,NA,0.033240769,NA,-0.5,587.632540983607,34.2052627529741,14.8176961433665,-30.6638524590164,2.4,-2.94051756611726,1.57196721311475,123.974180327869,13.4164078649987,6.47070049377013,3
"343",343,102,"macko2005","macko","2005","exp",226,"treadmill based aerobic training","http://www.ncbi.nlm.nih.gov/pubmed/16151035","usa","MD","baltimore",48.24,48.24,48.24,1,180,NA,63,10,1050,">1year",2.876712329,1,NA,"","","","",NA,"","",NA,"",NA,NA,NA,"","",11.3,"","","",NA,"",NA,NA,"6minwt","","","lohse",0,0,32,761,73,0,32,922,79,NA,NA,NA,NA,NA,0.5,161,76.05918748,NA,73,2.116772547,NA,0.975609756,2.065143948,NA,0.101261344,NA,0.096382005,NA,0.5,467.632540983607,32.4037034920393,13.0161368824317,11.8161475409836,6.94550214167414,1.60498457555687,0.571967213114753,123.974180327869,13.4164078649987,6.47070049377013,3
"354",354,106,"michielsen2011","michielsen","2011","ctrl",233,"homebased upper extermity therapy","http://www.ncbi.nlm.nih.gov/pubmed/21051765","netherlands","","rotterdam",36,36,36,1,42,180,58.7,NA,1642.5,">1year",4.5,1,NA,"","","","4",NA,"","",NA,"",NA,NA,NA,"","",NA,"","","",NA,"",NA,1,"fma-ue","fma","","lohse",1,1,20,36.4,14.7,0,20,36.6,14.2,NA,NA,20,36.3,16.2,0.5,0.2,14.45216247,-0.1,15.46819317,0.013838759,-0.006464879,0.96,0.013285209,-0.006206284,0.050004788,0.050001045,0.046084412,0.046080963,-0.5,1060.13254098361,40.5277682583189,21.1402016487112,-0.423852459016395,6,0.659482433882737,-3.72803278688524,-14.0258196721311,6.48074069840786,-0.464966672820751,2
"355",355,106,"michielsen2011","michielsen","2011","exp",234,"homebased mirror therapy","http://www.ncbi.nlm.nih.gov/pubmed/21051765","netherlands","","rotterdam",36,36,36,1,42,180,55.3,NA,1715.5,">1year",4.7,1,NA,"","","","4",NA,"","",NA,"",NA,NA,NA,"","",NA,"","","",NA,"",NA,3,"fma-ue","fma","","lohse",1,1,20,39.7,14.1,0,20,43.5,14,NA,NA,20,41.1,14.9,0.5,3.8,14.05008897,1.4,14.50551619,0.270460921,0.096515007,0.96,0.259642484,0.092654407,0.051828728,0.050232879,0.047765355,0.046294621,0.5,1133.13254098361,41.4185948578655,22.0310282482578,-0.423852459016395,6,0.659482433882737,-7.12803278688525,-14.0258196721311,6.48074069840786,-0.464966672820751,1
"386",386,112,"morris2008","morris","2008","ctrl",247,"unilateral arm training","http://www.ncbi.nlm.nih.gov/pubmed/18586126","uk","","dundee",10,10,10,4,42,126,67.8,NA,23.2,"<90days",0.063561644,1,NA,"","","","",NA,"","",65.7,"",NA,NA,NA,"5.5","",4.3,"","","",NA,"",NA,4,"arat","","","lohse",1,0,50,18.5,17.2,0,46,34.3,19.8,NA,NA,39,37.6,21.2,0.5,15.8,18.49035401,19.1,19.05071272,0.854499594,1.002587162,0.984615385,0.841353447,0.987162744,0.027301696,0.03005181,0.026468105,0.029134252,-0.5,-559.167459016393,4.81663783151692,-14.5709287780907,-26.4238524590164,3.16227766016838,-2.17823990594888,5.37196721311475,-14.0258196721311,6.48074069840786,-0.464966672820751,4
"387",387,112,"morris2008","morris","2008","exp",248,"bilateral task specific training","http://www.ncbi.nlm.nih.gov/pubmed/18586126","uk","","dundee",10,10,10,4,42,126,67.9,NA,22.6,"<90days",0.061917808,1,NA,"","","","",NA,"","",58.5,"",NA,NA,NA,"2","",3.4,"","","",NA,"",NA,5,"arat","","","lohse",1,0,56,13.4,15.3,0,51,27.9,19.5,NA,NA,46,29,21.9,0.5,14.5,17.42670365,15.6,18.56270454,0.832056383,0.84039478,0.98630137,0.82065835,0.828882523,0.024038552,0.024163066,0.023384472,0.023505598,0.5,-559.767459016393,4.75394572960189,-14.6336208800058,-26.4238524590164,3.16227766016838,-2.17823990594888,5.47196721311476,-14.0258196721311,6.48074069840786,-0.464966672820751,4
"388",388,113,"mudge2009","mudge","2009","ctrl",249,"group social and educational classes","http://www.ncbi.nlm.nih.gov/pubmed/19969159","new zealand","","auckland",0,0,0,1,28,90,71,NA,2117,">1year",5.8,0,NA,"","","","",NA,"","",NA,"",NA,NA,NA,"","",NA,"","","",NA,"",NA,2,"10mwt SSV","","speed","lohse",0,1,27,0.62,0.27,0,27,0.63,0.25,NA,NA,27,0.63,0.25,0.5,0.01,0.260192237,0.01,0.260192237,0.038433122,0.038433122,0.970873786,0.037313711,0.037313711,0.037064391,0.037064391,0.034936743,0.034936743,-0.5,1534.63254098361,46.0108682813094,26.6233016717017,-36.4238524590164,0,-5.34051756611726,8.57196721311475,-28.0258196721311,5.29150262212918,-1.65420474909943,4
"389",389,113,"mudge2009","mudge","2009","exp",250,"circuit training","http://www.ncbi.nlm.nih.gov/pubmed/19969159","new zealand","","auckland",12,12,12,1,28,90,76,NA,1215.45,">1year",3.33,0,NA,"","","","",NA,"","",NA,"",NA,NA,NA,"","",NA,"","","",NA,"",NA,1,"10mwt SSV","","speed","lohse",0,1,31,0.76,0.3,0,31,0.79,0.28,NA,NA,31,0.77,0.26,0.5,0.03,0.290172363,0.01,0.280713377,0.103386828,0.035623525,0.974789916,0.100780437,0.034725453,0.032430465,0.032278533,0.030815927,0.030671558,0.5,633.082540983607,34.8633044905385,15.4757378809308,-24.4238524590164,3.46410161513775,-1.87641595097951,13.5719672131148,-28.0258196721311,5.29150262212918,-1.65420474909943,4
"392",392,114,"ng2007","ng","2007","ctrl",251,"no treatment","http://www.ncbi.nlm.nih.gov/pubmed/17901383","china","","hong kong",0,0,0,1,28,56,57.3,NA,1898,">1year",5.2,0,NA,"","","","",NA,"","",NA,"",NA,NA,NA,"","",NA,"","","",NA,"",NA,1,"gait speed 4.6m SSV","","speed","lohse",0,0,20,0.63,0.25,0,20,0.64,0.24,NA,NA,20,0.65,0.24,0.5,0.01,0.245051015,0.02,0.245051015,0.040807829,0.081615659,0.96,0.039175516,0.078351032,0.050041632,0.050166528,0.046118368,0.046233472,-0.5,1315.63254098361,43.5660418215839,24.1784752119763,-36.4238524590164,0,-5.34051756611726,-5.12803278688525,-28.0258196721311,5.29150262212918,-1.65420474909943,2
"394",394,114,"ng2007","ng","2007","exp",253,"functional electrical stim + task relevant training","http://www.ncbi.nlm.nih.gov/pubmed/17901383","china","","hong kong",20,20,20,1,28,56,58.4,NA,1825,">1year",5,0,NA,"","","","",NA,"","",NA,"",NA,NA,NA,"","",NA,"","","",NA,"",NA,1,"gait speed 4.6m SSV","","speed","lohse",0,0,21,0.51,0.28,0,21,0.68,0.34,NA,NA,21,0.72,0.34,0.5,0.17,0.31144823,0.21,0.31144823,0.545837104,0.674269364,0.962025316,0.525109113,0.648664198,0.054712813,0.05844379,0.05063631,0.054089301,0.5,1242.63254098361,42.7200187265877,23.33245211698,-16.4238524590164,4.47213595499958,-0.868381611117684,-4.02803278688525,-28.0258196721311,5.29150262212918,-1.65420474909943,2
"395",395,114,"ng2007","ng","2007","exp",254,"placebo stim + task relevant therapy","http://www.ncbi.nlm.nih.gov/pubmed/17901383","china","","hong kong",20,20,20,1,28,56,57.1,NA,1715.5,">1year",4.7,0,NA,"","","","",NA,"","",NA,"",NA,NA,NA,"","",NA,"","","",NA,"",NA,2,"gait speed 4.6m SSV","","speed","lohse",0,0,20,0.49,0.25,0,20,0.58,0.3,NA,NA,20,0.58,0.29,0.5,0.09,0.276134025,0.09,0.270739727,0.325928686,0.332422585,0.96,0.312891538,0.319125681,0.052655738,0.052762619,0.048527528,0.04862603,0.5,1133.13254098361,41.4185948578655,22.0310282482578,-16.4238524590164,4.47213595499958,-0.868381611117684,-5.32803278688525,-28.0258196721311,5.29150262212918,-1.65420474909943,1
"396",396,115,"ng2008","ng","2008","ctrl",255,"conventional overground gait training","http://stroke.ahajournals.org/content/39/1/154.short","china","","hong kong",50,50,50,1,28,180,73.4,11.5,17.5,"<90days",0.047945205,1,NA,">21","","","",NA,"<3","",NA,"",NA,NA,NA,"","",NA,"","","",NA,"",NA,0,"fim","","","lohse",0,1,21,78.6,8.9,0,21,98.2,14.3,NA,NA,21,102.5,16.5,0.5,19.6,11.91007976,23.9,13.25631925,1.645664881,1.802913731,0.962025316,1.583171278,1.734448653,0.112100307,0.125011855,0.103748017,0.115697561,-0.5,-564.867459016393,4.18330013267038,-15.2042664769373,13.5761475409836,7.07106781186548,1.73055024574821,10.9719672131148,-28.0258196721311,5.29150262212918,-1.65420474909943,4
"402",402,116,"nilsson2001","nilsson","2001","ctrl",258,"overground walking training","http://www.ncbi.nlm.nih.gov/pubmed/11594641","sweden","","gothenburg",47.14,47.14,47.14,1,66,280,56,12.1,17,"<90days",0.046575342,1,8,"","","","",NA,"0","",NA,"",23.3,NA,NA,"","",NA,"","","",NA,"",NA,1,"fim","","","lohse",0,0,37,56.1,18,1,36,76.9,NA,1,0,32,81.9,NA,0.5,20.8,18,25.8,18,1.155555556,1.433333333,0.979020979,1.131313131,1.403263403,0.045071738,0.05478979,0.043200453,0.052515032,-0.5,-565.367459016393,4.12310562561766,-15.26446098399,10.7161475409836,6.86585755750875,1.52533999139149,-6.42803278688525,9.97418032786885,8.12403840463596,1.17833103340735,1
"403",403,116,"nilsson2001","nilsson","2001","exp",259,"body-weight supported treadmill training","http://www.ncbi.nlm.nih.gov/pubmed/11594641","sweden","","gothenburg",48.57,48.57,48.57,1,68,180,54,12.4,22,"<90days",0.060273973,1,9.5,"","","","",NA,"0","",NA,"",23.9,NA,NA,"","",NA,"","","",NA,"",NA,3,"fim","","","lohse",0,0,36,53.7,17.7,1,33,78.8,NA,1,0,28,80.3,NA,0.5,25.1,17.7,26.6,17.7,1.418079096,1.502824859,0.978417266,1.387473072,1.47038979,0.055707616,0.059145591,0.05332892,0.056620095,0.5,-560.367459016393,4.69041575982343,-14.6971508497842,12.1461475409836,6.96921803361037,1.62870046749311,-8.42803278688525,11.9741803278689,8.24621125123532,1.30050388000671,1
"410",410,118,"olawale2011","olawale","2011","ctrl",262,"conventional physiotherapy","http://www.ncbi.nlm.nih.gov/pubmed/21427155","nigeria","","lagos",36,36,36,1,84,NA,57.2,5.9,309,"<1year",0.846575342,0,NA,"","","","",NA,"","",NA,"",NA,NA,NA,"","",NA,"","","",NA,"",NA,3,"10mwt SSV","","speed","lohse",1,0,20,26.39,11.9,0,20,24.65,10.49,NA,NA,NA,NA,NA,0.5,-1.74,11.21717656,NA,11.9,0.155119249,NA,0.96,0.148914479,NA,0.05060155,NA,0.046634388,NA,-0.5,-273.367459016393,17.5783958312469,-1.80917077836069,-0.423852459016395,6,0.659482433882737,-5.22803278688524,27.9741803278689,9.16515138991168,2.21944401868307,2
"411",411,118,"olawale2011","olawale","2011","exp",263,"CPT + treadmill training","http://www.ncbi.nlm.nih.gov/pubmed/21427155","nigeria","","lagos",51,51,51,1,84,NA,56.8,6.4,306,"<1year",0.838356164,0,NA,"","","","",NA,"","",NA,"",NA,NA,NA,"","",NA,"","","",NA,"",NA,2,"10mwt SSV","","speed","lohse",1,0,20,30.56,10.73,0,20,23.83,11.08,NA,NA,NA,NA,NA,0.5,-6.73,10.90640408,NA,10.73,0.617068646,NA,0.96,0.5923859,NA,0.059519343,NA,0.054853026,NA,0.5,-276.367459016393,17.4928556845359,-1.89471092507174,14.5761475409836,7.14142842854285,1.80091086242559,-5.62803278688525,27.9741803278689,9.16515138991168,2.21944401868307,1
"412",412,118,"olawale2011","olawale","2011","exp",264,"CPT + overground walking","http://www.ncbi.nlm.nih.gov/pubmed/21427155","nigeria","","lagos",51,51,51,1,84,NA,56.8,8.3,321,"<1year",0.879452055,0,NA,"","","","",NA,"","",NA,"",NA,NA,NA,"","",NA,"","","",NA,"",NA,2,"10mwt SSV","","speed","lohse",1,0,20,29.3,10.6,0,20,20.03,8.38,NA,NA,NA,NA,NA,0.5,-9.27,9.554695181,NA,10.6,0.970203635,NA,0.96,0.93139549,NA,0.073532377,NA,0.067767439,NA,0.5,-261.367459016393,17.9164728671689,-1.47109374243873,14.5761475409836,7.14142842854285,1.80091086242559,-5.62803278688525,27.9741803278689,9.16515138991168,2.21944401868307,1
"416",416,119,"olney2006","olney","2006","exp",265,"strength and conditioning training","http://www.ncbi.nlm.nih.gov/pubmed/16410482","canada","ontario","kingston",45,45,45,1,70,365,63.5,NA,1496.5,">1year",4.1,0,NA,"","","","",NA,"","",NA,"",NA,NA,NA,"","",NA,"","","",NA,"",NA,3,"6minwt","","","lohse",1,1,37,0.73,0.36,0,34,0.82,0.38,NA,NA,29,0.78,0.37,0.5,0.09,0.369700231,0.05,0.364408768,0.243440475,0.137208554,0.979020979,0.238333333,0.134330053,0.027827882,0.027281435,0.026672526,0.026148766,0.5,914.132540983607,38.6846222677694,19.2970556581618,8.57614754098361,6.70820393249937,1.36768636638211,1.07196721311475,13.9741803278689,8.36660026534076,1.42089289411214,3
"417",417,119,"olney2006","olney","2006","exp",266,"one week supervised followed by 9 weeks home training","http://www.ncbi.nlm.nih.gov/pubmed/16410482","canada","ontario","kingston",45,45,45,1,70,365,65.8,NA,1241,">1year",3.4,0,NA,"","","","",NA,"","",NA,"",NA,NA,NA,"","",NA,"","","",NA,"",NA,3,"6minwt","","","lohse",1,1,35,0.76,0.34,0,32,0.87,0.37,NA,NA,25,0.91,0.36,0.5,0.11,0.354624395,0.15,0.348415131,0.310187346,0.430520912,0.977777778,0.303294294,0.420953781,0.029945946,0.031219261,0.028629803,0.029847155,0.5,658.632540983607,35.2278299076171,15.8402632980094,8.57614754098361,6.70820393249937,1.36768636638211,3.37196721311475,13.9741803278689,8.36660026534076,1.42089289411214,3
"424",424,121,"outermans2010","outermans","2010","ctrl",269,"low intensity physiotherapy program","http://www.ncbi.nlm.nih.gov/pubmed/20719820","netherlands","","utrecht",9,9,9,1,28,NA,56.3,8.6,23.5,"<90days",0.064383562,0,NA,"","","","",NA,"","",NA,"",53.2,NA,NA,"","",NA,"","","",NA,"",NA,6,"10mwt","","speed","lohse",0,1,21,1.4,0.5,0,21,1.4,0.4,NA,NA,NA,NA,NA,0.5,0,0.452769257,NA,0.5,0,NA,0.962025316,0,NA,0.047619048,NA,0.044071081,NA,-0.5,-558.867459016393,4.84767985741633,-14.5398867521913,-27.4238524590164,3,-2.34051756611726,-6.12803278688525,-28.0258196721311,5.29150262212918,-1.65420474909943,1
"425",425,121,"outermans2010","outermans","2010","exp",270,"time matched high intensity physiotherapy","http://www.ncbi.nlm.nih.gov/pubmed/20719820","netherlands","","utrecht",9,9,9,1,28,NA,56.8,8.6,22.5,"<90days",0.061643836,0,NA,"","","","",NA,"","",NA,"",53,NA,NA,"","",NA,"","","",NA,"",NA,6,"10mwt","","speed","lohse",0,1,22,1.5,0.5,0,22,1.7,0.5,NA,NA,NA,NA,NA,0.5,0.2,0.5,NA,0.5,0.4,NA,0.963855422,0.385542169,NA,0.049090909,NA,0.045606303,NA,0.5,-559.867459016393,4.74341649025257,-14.6441501193551,-27.4238524590164,3,-2.34051756611726,-5.62803278688525,-28.0258196721311,5.29150262212918,-1.65420474909943,1
"441",441,126,"pang2005","pang","2005","exp",281,"intensive progressive lower extremity training","http://www.ncbi.nlm.nih.gov/pubmed/16181164","canada","","vancouver",57,57,57,1,133,NA,65.8,9.1,1898,">1year",5.2,1,NA,"27.6","","","",NA,"","",NA,"",NA,NA,NA,"","",NA,"","","",NA,"",NA,2,"6minwt","","","lohse",0,1,32,328.1,143.5,0,32,392.7,151.1,NA,NA,NA,NA,NA,0.5,64.6,147.3490075,NA,143.5,0.438414897,NA,0.975609756,0.427721851,NA,0.034253244,NA,0.032602731,NA,0.5,1315.63254098361,43.5660418215839,24.1784752119763,20.5761475409836,7.54983443527075,2.20931686915349,3.37196721311475,76.9741803278689,11.5325625946708,4.58685522344219,3
"443",443,127,"pang2006","pang","2006","exp",283,"circuit based upper extremity training","http://www.ncbi.nlm.nih.gov/pubmed/16401430","canada","","vancouver",57,57,57,1,133,NA,64.9,8.7,1861.5,">1year",5.1,1,NA,"28.1","","","",NA,"","",NA,"",NA,NA,NA,"","",NA,"","","",NA,"",NA,3,"wmft","","","lohse",0,0,30,2.9,1.6,0,30,3.1,1.8,NA,NA,NA,NA,NA,0.5,0.2,1.702938637,NA,1.6,0.117444044,NA,0.973913043,0.114380286,NA,0.033563218,NA,0.031834935,NA,0.5,1279.13254098361,43.1451040096092,23.7575374000016,20.5761475409836,7.54983443527075,2.20931686915349,2.47196721311476,76.9741803278689,11.5325625946708,4.58685522344219,3
"479",479,135,"piron2007","piron","2007","exp",305,"reinforcing practice in a virtual environment + CPT","http://ieeexplore.ieee.org/xpls/abs_all.jsp?arnumber=4362151&tag=1","italy","","venice",30,30,30,1,42,NA,61.5,9.4,75,"<90days",0.205479452,1,NA,"","","","",NA,"","",NA,"",NA,NA,NA,"","",NA,"","","",NA,"",NA,NA,"fim","","","lohse",1,0,25,93.4,28.6,0,15,110.2,13.9,NA,NA,NA,NA,NA,0.5,16.8,24.24435908,NA,28.6,0.692944695,NA,0.968421053,0.671062231,NA,0.049603447,NA,0.046520064,NA,0.5,-507.367459016393,8.66025403784439,-10.7273125717633,-6.42385245901639,5.47722557505166,0.136708008934398,-0.928032786885247,-14.0258196721311,6.48074069840786,-0.464966672820751,2
"484",484,137,"piron2010","piron","2010","ctrl",308,"CPT","http://www.ncbi.nlm.nih.gov/pubmed/20581337","italy","","venice",20,20,20,1,28,NA,62.2,NA,453,">1year",1.24109589,1,NA,"","","104","",NA,"","",NA,"",NA,NA,NA,"","",NA,"","","",NA,"",NA,3,"fma-ue","fma","","lohse",1,1,23,43.9,9.7,0,23,46.5,9.7,NA,NA,NA,NA,NA,0.5,2.6,9.7,NA,9.7,0.268041237,NA,0.965517241,0.258798436,NA,0.045040133,NA,0.041987472,NA,-0.5,-129.367459016393,21.2837966537928,1.89623004418512,-16.4238524590164,4.47213595499958,-0.868381611117684,-0.228032786885244,-28.0258196721311,5.29150262212918,-1.65420474909943,2
"485",485,137,"piron2010","piron","2010","exp",309,"training in a virtual environment with reinforcement ","http://www.ncbi.nlm.nih.gov/pubmed/20581337","italy","","venice",20,20,20,1,28,NA,58.8,NA,462,">1year",1.265753425,1,NA,"","","113","",NA,"","",NA,"",NA,NA,NA,"","",NA,"","","",NA,"",NA,0,"fma-ue","fma","","lohse",1,1,27,42.4,11.3,0,27,49.7,10.1,NA,NA,NA,NA,NA,0.5,7.3,10.71680923,NA,11.3,0.681172898,NA,0.970873786,0.661332911,NA,0.045629565,NA,0.043010241,NA,0.5,-120.367459016393,21.4941852602047,2.10661865059704,-16.4238524590164,4.47213595499958,-0.868381611117684,-3.62803278688525,-28.0258196721311,5.29150262212918,-1.65420474909943,2
"492",492,140,"pohl2002","pohl","2002","ctrl",316,"conventional gait training","http://www.ncbi.nlm.nih.gov/pubmed/11823669","germany","","kreischa",15,15,15,1,28,NA,61.6,NA,112.7,"<1year",0.308767123,1,NA,"<26","","","",NA,">3","",NA,"",NA,NA,NA,"","",NA,"0.1","","",NA,"",NA,0,"10mwt SSV","","speed","lohse",0,0,20,0.66,0.42,0,20,0.97,0.64,NA,NA,20,NA,NA,0.5,0.31,0.541294744,NA,0.42,0.572700924,NA,0.96,0.549792887,NA,0.058199659,NA,0.053636805,NA,-0.5,-469.667459016393,10.6160256216722,-8.77154098793547,-21.4238524590164,3.87298334620742,-1.46753421990985,-0.828032786885245,-28.0258196721311,5.29150262212918,-1.65420474909943,2
"493",493,140,"pohl2002","pohl","2002","exp",317,"structured speed dependent treadmill training","http://www.ncbi.nlm.nih.gov/pubmed/11823669","germany","","kreischa",12,12,12,1,28,NA,58.2,NA,113.4,"<1year",0.310684932,1,NA,"<26","","","",NA,">3","",NA,"",NA,NA,NA,"","",NA,"0.3","","",NA,"",NA,0,"10mwt SSV","","speed","lohse",0,0,20,0.61,0.32,0,20,1.63,0.8,NA,NA,20,NA,NA,0.5,1.02,0.609261848,NA,0.32,1.674157019,NA,0.96,1.607190738,NA,0.120070043,NA,0.110656552,NA,0.5,-468.967459016393,10.6489436095793,-8.73862300002833,-24.4238524590164,3.46410161513775,-1.87641595097951,-4.22803278688524,-28.0258196721311,5.29150262212918,-1.65420474909943,2
"494",494,140,"pohl2002","pohl","2002","exp",318,"limited progressive treadmill training","http://www.ncbi.nlm.nih.gov/pubmed/11823669","germany","","kreischa",12,12,12,1,28,NA,57.1,NA,117.6,"<1year",0.322191781,1,NA,"<26","","","",NA,">3","",NA,"",NA,NA,NA,"","",NA,"0.1","","",NA,"",NA,0,"10mwt SSV","","speed","lohse",0,0,20,0.66,0.39,0,20,1.22,0.74,NA,NA,20,NA,NA,0.5,0.56,0.591481192,NA,0.39,0.946775668,NA,0.96,0.908904641,NA,0.072409604,NA,0.066732691,NA,0.5,-464.767459016393,10.8443533693808,-8.54321324022687,-24.4238524590164,3.46410161513775,-1.87641595097951,-5.32803278688525,-28.0258196721311,5.29150262212918,-1.65420474909943,1
"495",495,141,"pohl2007","pohl","2007","ctrl",319,"physiotherapy every week day","http://www.ncbi.nlm.nih.gov/pubmed/17213237","germany","","berlin",11.3,11.3,11.3,4,28,208,64,11.6,31.5,"<90days",0.08630137,1,NA,"","","","",NA,"1.19","36.8",NA,"",NA,NA,NA,"","",NA,"","","",NA,"",NA,6,"fac","","","lohse",1,1,78,1.2,1.1,0,72,2.1,1.5,NA,NA,64,2.6,1.8,0.5,0.9,1.307256256,1.4,1.457223387,0.688464864,0.960731218,0.990228013,0.681737194,0.951342965,0.015858871,0.018737208,0.01555044,0.018372798,-0.5,-550.867459016393,5.61248608016091,-13.7750805294467,-25.1238524590164,3.36154726279432,-1.97897030332294,1.57196721311475,-28.0258196721311,5.29150262212918,-1.65420474909943,3
"496",496,141,"pohl2007","pohl","2007","exp",320,"mixed pure locomotor training with physiotherapy","http://www.ncbi.nlm.nih.gov/pubmed/17213237","germany","","berlin",13.5,13.5,13.5,4,28,208,62.3,12,29.4,"<90days",0.080547945,1,NA,"","","","",NA,"0.99","37.9",NA,"",NA,NA,NA,"","",NA,"","","",NA,"",NA,5,"fac","","","lohse",1,1,77,0.99,0.88,0,72,3.2,1.4,NA,NA,64,3.8,1.7,0.5,2.21,1.160619117,2.81,1.316536769,1.904156125,2.134387786,0.99009901,1.885303094,2.113255234,0.036531237,0.042568904,0.035811428,0.041730128,0.5,-552.967459016393,5.42217668469038,-13.9653899249173,-22.9238524590164,3.67423461417477,-1.6662829519425,-0.12803278688525,-28.0258196721311,5.29150262212918,-1.65420474909943,2
"521",521,147,"richards2004","richards","2004","exp",334,"treadmill training and isokinetic exercise","http://www.ncbi.nlm.nih.gov/pubmed/15537991","canada","quebec","quebec city",39.1,39.1,39.1,2,56,NA,62.9,12,52,"<90days",0.142465753,1,NA,"","","","",NA,"","",NA,"",NA,NA,NA,"","",NA,"","","",NA,"",NA,2,"gait speed SSV","","speed","lohse",1,1,32,26.51,14.22,0,32,52.77,33.25,NA,NA,32,62.17,34.94,0.5,26.26,25.57118398,35.66,26.67406981,1.026937197,1.336878859,0.975609756,1.001889948,1.304272057,0.047728125,0.059175704,0.045428317,0.056324287,0.5,-530.367459016393,7.21110255092798,-12.1764640586797,2.67614754098361,6.25299928034539,0.91248171422813,0.471967213114752,-0.0258196721311492,7.48331477354788,0.537607402319272,3
"522",522,147,"richards2004","richards","2004","ctrl",335,"CPT","http://www.ncbi.nlm.nih.gov/pubmed/15537991","canada","quebec","quebec city",44.9,44.9,44.9,2,56,NA,60.7,12,52.6,"<90days",0.144109589,1,NA,"","","","",NA,"","",NA,"",NA,NA,NA,"","",NA,"","","",NA,"",NA,1,"gait speed SSV","","speed","lohse",1,1,31,24.34,12.29,0,31,56.14,36.63,NA,NA,31,67.71,33.73,0.5,31.8,27.32033126,43.37,25.38461148,1.163968317,1.708515414,0.974789916,1.134624578,1.665443597,0.054110036,0.079339112,0.051416189,0.075389244,-0.5,-529.767459016393,7.2525857457875,-12.1349808638201,8.4761475409836,6.70074622710038,1.36022866098312,-1.72803278688524,-0.0258196721311492,7.48331477354788,0.537607402319272,2
"552",552,153,"salbach/higgins2004/2006","salbach/higgins","2004/2006","ctrl",347,"upper extremity therapy","http://www.ncbi.nlm.nih.gov/pubmed/15293485","canada","quebec","montreal",0,0,0,1,42,NA,73,8,217,"<1year",0.594520548,1,NA,"","","","",NA,"","",NA,"",40,NA,NA,"","",NA,"","","",NA,"",NA,4,"6minwt","","","lohse",0,1,47,204,131,0,47,209,132,NA,NA,NA,NA,NA,0.5,5,131.5009506,NA,131,0.038022539,NA,0.983606557,0.037399219,NA,0.021291976,NA,0.0205996,NA,-0.5,-365.367459016393,14.7309198626562,-4.65664674695141,-36.4238524590164,0,-5.34051756611726,10.5719672131148,-14.0258196721311,6.48074069840786,-0.464966672820751,4
"553",553,153,"salbach/higgins2004/2006","salbach/higgins","2004/2006","exp",348,"functional lower extremity training","http://www.ncbi.nlm.nih.gov/pubmed/15293485","canada","quebec","montreal",18,18,18,1,42,NA,71,12,239,"<1year",0.654794521,1,NA,"","","","",NA,"","",NA,"",42,NA,NA,"","",NA,"","","",NA,"",NA,3,"6minwt","","","lohse",0,1,44,209,126,0,44,249,136,NA,NA,NA,NA,NA,0.5,40,131.0953851,NA,126,0.305121343,NA,0.98245614,0.299768337,NA,0.023785216,NA,0.022957968,NA,0.5,-343.367459016393,15.4596248337403,-3.92794177586734,-18.4238524590164,4.24264068711928,-1.09787687899798,8.57196721311475,-14.0258196721311,6.48074069840786,-0.464966672820751,4
"566",566,157,"schwartz2009","schwartz","2009","ctrl",355,"regular physiotherapy","http://www.ncbi.nlm.nih.gov/pubmed/19627940","israel","","jerusalem",20,20,20,2,42,NA,62,7.5,21.6,"<90days",0.059178082,1,10.5,"","","","",NA,"","",NA,"",NA,NA,NA,"","",NA,"","","",NA,"",NA,3,"FIM motor","","","lohse",0,1,30,42.8,11,0,30,60.3,14.8,NA,NA,NA,NA,NA,0.5,17.5,13.03917175,NA,11,1.342109785,NA,0.973913043,1.307098226,NA,0.063354311,NA,0.060091983,NA,-0.5,-560.767459016393,4.6475800154489,-14.7399865941587,-16.4238524590164,4.47213595499958,-0.868381611117684,-0.428032786885247,-14.0258196721311,6.48074069840786,-0.464966672820751,2
"567",567,157,"schwartz2009","schwartz","2009","exp",356,"robot assisted gait training","http://www.ncbi.nlm.nih.gov/pubmed/19627940","israel","","jerusalem",20,20,20,2,42,NA,65,8.5,23.6,"<90days",0.064657534,1,10.4,"","","","",NA,"","",NA,"",NA,NA,NA,"","",NA,"","","",NA,"",NA,8,"FIM motor","","","lohse",0,1,37,44.1,13.1,0,37,66.9,15.6,NA,NA,NA,NA,NA,0.5,22.8,14.40433962,NA,13.1,1.582856319,NA,0.979020979,1.549649543,NA,0.060884245,NA,0.058356458,NA,0.5,-558.767459016393,4.85798312059645,-14.5295834890112,-16.4238524590164,4.47213595499958,-0.868381611117684,2.57196721311475,-14.0258196721311,6.48074069840786,-0.464966672820751,3
"586",586,161,"smania2012","smania","2012","ctrl",364,"conventional therapy","http://www.ncbi.nlm.nih.gov/pubmed/22661278","italy","","verona",20,20,20,1,14,90,68.25,NA,281.4,"<1year",0.770958904,1,NA,">23","","","",NA,"","",NA,"<11,>26",NA,NA,NA,"","",NA,"0.74","","",NA,"",NA,3,"wmft","","","lohse",0,1,29,2.4,0.81,0,29,2.92,0.86,NA,NA,29,3.01,0.75,0.5,0.52,0.835374168,0.61,0.78057671,0.622475557,0.781473483,0.972972973,0.605651893,0.760352578,0.041163376,0.045012083,0.038968397,0.042611877,-0.5,-300.967459016393,16.7749813710776,-2.61258523853006,-16.4238524590164,4.47213595499958,-0.868381611117684,5.82196721311475,-42.0258196721311,3.74165738677394,-3.20404998445467,4
"587",587,161,"smania2012","smania","2012","exp",365,"mCIMT","http://www.ncbi.nlm.nih.gov/pubmed/22661278","italy","","verona",140,80,20,1,14,90,63.93,NA,333,"<1year",0.912328767,1,NA,">23","","","",NA,"","",NA,"<11,>26",NA,NA,NA,"","",NA,"0.73","","",NA,"",NA,4,"wmft","","","lohse",0,1,30,2.81,0.87,0,30,3.62,0.78,NA,NA,30,4.05,0.53,0.5,0.81,0.826226361,1.24,0.720347139,0.980360877,1.721392276,0.973913043,0.954786245,1.67648639,0.049351791,0.082719856,0.0468105,0.078460331,0.5,-249.367459016393,18.2482875908947,-1.13927901871298,43.5761475409836,8.94427190999916,3.6037543438819,1.50196721311475,-42.0258196721311,3.74165738677394,-3.20404998445467,3
"602",602,167,"sullivan2007","sullivan","2007","exp",378,"BWSTT with upper extremity ergometry","http://www.ncbi.nlm.nih.gov/pubmed/17895349","usa","CA","los angeles",24,24,24,1,42,222,60.6,13.7,825,">1year",2.260273973,1,NA,"","","","",NA,"","",NA,"",42.1,NA,NA,"","",NA,"","","",NA,"",NA,1,"10mwt SSV","","speed","lohse",1,1,20,0.5,0.23,0,19,0.63,0.32,NA,NA,19,0.65,0.33,0.5,0.13,0.277454647,0.15,0.28309582,0.468545045,0.529855934,0.96,0.449803243,0.508661696,0.055488361,0.057018683,0.051138074,0.052548418,0.5,242.632540983607,28.7228132326901,9.3352466230825,-12.4238524590164,4.89897948556636,-0.441538080550908,-1.82803278688525,-14.0258196721311,6.48074069840786,-0.464966672820751,2
"603",603,167,"sullivan2007","sullivan","2007","exp",379,"cycling with upper extremity ergomety","http://www.ncbi.nlm.nih.gov/pubmed/17895349","usa","CA","los angeles",24,24,24,1,42,222,63.4,8.6,852,">1year",2.334246575,1,NA,"","","","",NA,"","",NA,"",42.6,NA,NA,"","",NA,"","","",NA,"",NA,2,"10mwt SSV","","speed","lohse",1,1,20,0.43,0.25,0,18,0.44,0.28,NA,NA,14,0.43,0.26,0.5,0.01,0.264590879,0,0.254109966,0.037794198,0,0.96,0.03628243,0,0.05003571,0.05,0.04611291,0.04608,0.5,269.632540983607,29.1890390386528,9.80147242904521,-12.4238524590164,4.89897948556636,-0.441538080550908,0.971967213114752,-14.0258196721311,6.48074069840786,-0.464966672820751,3
"604",604,167,"sullivan2007","sullivan","2007","exp",380,"BWSTT with cycling","http://www.ncbi.nlm.nih.gov/pubmed/17895349","usa","CA","los angeles",24,24,24,1,42,222,58.2,15.2,693,">1year",1.898630137,1,NA,"","","","",NA,"","",NA,"",45.2,NA,NA,"","",NA,"","","",NA,"",NA,2,"10mwt SSV","","speed","lohse",1,1,20,0.54,0.28,0,18,0.63,0.33,NA,NA,16,0.64,0.32,0.5,0.09,0.304635483,0.1,0.298308959,0.295435052,0.335222918,0.96,0.28361765,0.321814002,0.052182047,0.05280936,0.048090974,0.048669106,0.5,110.632540983607,26.3248931621764,6.93732655256872,-12.4238524590164,4.89897948556636,-0.441538080550908,-4.22803278688524,-14.0258196721311,6.48074069840786,-0.464966672820751,2
"605",605,167,"sullivan2007","sullivan","2007","exp",381,"BWSTT with progessive lower extremity resistance training","http://www.ncbi.nlm.nih.gov/pubmed/17895349","usa","CA","los angeles",24,24,24,1,42,222,61.4,11.2,621,">1year",1.701369863,1,NA,"","","","",NA,"","",NA,"",40.4,NA,NA,"","",NA,"","","",NA,"",NA,4,"10mwt SSV","","speed","lohse",1,1,20,0.57,0.35,0,16,0.67,0.37,NA,NA,14,0.77,0.3,0.5,0.1,0.358960919,0.2,0.330600779,0.278581859,0.604959252,0.96,0.267438585,0.580760882,0.051940196,0.059149392,0.047868085,0.05451208,0.5,38.6325409836065,24.9198715887542,5.53230497914658,-12.4238524590164,4.89897948556636,-0.441538080550908,-1.02803278688525,-14.0258196721311,6.48074069840786,-0.464966672820751,2
"628",628,172,"taub2006","taub","2006","ctrl",392,"general fitness","http://stroke.ahajournals.org/content/37/4/1045.abstract","usa","AL","birmingham",60,60,60,1,14,730,50.7,NA,1934.5,">1year",5.3,0,NA,"","","","",NA,"","",NA,"",NA,NA,NA,"","",NA,"","","",NA,"",NA,0,"actual amount of use test","","","lohse",0,0,20,1,0.7,0,20,0.9,0.6,NA,NA,NA,NA,NA,0.5,-0.1,0.651920241,NA,0.7,-0.153392998,NA,0.96,-0.147257278,NA,0.050588235,NA,0.046622118,NA,-0.5,1352.13254098361,43.9829512424985,24.5953846328909,23.5761475409836,7.74596669241483,2.40544912629757,-11.7280327868852,-42.0258196721311,3.74165738677394,-3.20404998445467,1
"629",629,172,"taub2006","taub","2006","exp",393,"CIMT","http://stroke.ahajournals.org/content/37/4/1045.abstract","usa","AL","birmingham",172,116,60,1,14,730,54.6,NA,1314,">1year",3.6,0,NA,"","","","",NA,"","",NA,"",NA,NA,NA,"","",NA,"","","",NA,"",NA,0,"actual amount of use test","","","lohse",0,0,21,0.8,0.4,0,21,1.5,0.9,NA,NA,NA,NA,NA,0.5,0.7,0.696419414,NA,0.4,1.005141422,NA,0.962025316,0.966971495,NA,0.07167403,NA,0.066333793,NA,0.5,731.632540983607,36.2491379207837,16.8615713111761,79.5761475409836,10.770329614269,5.42981204815174,-7.82803278688525,-42.0258196721311,3.74165738677394,-3.20404998445467,1
"639",639,177,"van de port2012","van de port","2012","exp",403,"progressive circuit training","http://www.bmj.com/content/344/bmj.e2672","netherlands","","utrecht",36,36,36,1,84,168,56,10,91,"<1year",0.249315068,1,NA,"","","","",NA,"4.64","",NA,"",NA,NA,NA,"","80.9",12.67,"","","",NA,"",NA,1,"sis mobility subscale","","","lohse",1,1,126,80.9,13.04,0,125,87.27,12.38,NA,NA,125,86.56,13.19,0.5,6.37,12.71560809,5.66,13.11491324,0.500959133,0.431569763,0.993987976,0.497947354,0.428975155,0.008932381,0.008675605,0.008825301,0.008571603,0.5,-491.367459016393,9.53939201416946,-9.84817459543819,-0.423852459016395,6,0.659482433882737,-6.42803278688525,27.9741803278689,9.16515138991168,2.21944401868307,1
"647",647,178,"van deldan2013","van deldan","2013","exp",405,"mCIMT","http://www.ncbi.nlm.nih.gov/pubmed/23868279","netherlands","","amsterdam",198,108,18,1,42,84,59.8,NA,64.4,"<90days",0.176438356,0,NA,">23","","","",NA,"","",NA,"65.4",NA,NA,NA,"","collected",NA,"","","",NA,"",NA,1,"arat","","","lohse",1,0,22,23.8,16.8,1,21,38.4,NA,0,1,20,42.9,NA,0.5,14.6,16.8,19.1,16.8,0.869047619,1.136904762,0.963855422,0.837636259,1.095811819,0.062619176,0.074830737,0.058174297,0.069519047,0.5,-517.967459016393,8.02496105909555,-11.3626055505121,71.5761475409836,10.3923048454133,5.051787279296,-2.62803278688525,-14.0258196721311,6.48074069840786,-0.464966672820751,2
"649",649,179,"van der lee1999","van der lee","1999","ctrl",407,"bimanual training using neurodevelopmental methods","http://www.ncbi.nlm.nih.gov/pubmed/10548673","netherlands","","amsterdam",60,60,60,1,14,365,62,NA,985.5,">1year",2.7,1,NA,">21","","","",NA,"","",NA,"",NA,NA,NA,"","",NA,"","","",NA,"",NA,0,"arat","","","lohse",1,1,31,28.3,13.3,0,30,30,13.9,NA,NA,29,30.7,14.2,0.5,1.7,13.59822396,2.4,13.74184398,0.125016326,0.17464905,0.974789916,0.121864654,0.170246133,0.032510146,0.032750037,0.030891641,0.031119589,-0.5,403.132540983607,31.3926743046845,12.0051076950769,23.5761475409836,7.74596669241483,2.40544912629757,-0.428032786885247,-42.0258196721311,3.74165738677394,-3.20404998445467,2
"650",650,179,"van der lee1999","van der lee","1999","exp",408,"forced use therapy","http://www.ncbi.nlm.nih.gov/pubmed/10548673","netherlands","","amsterdam",60,60,60,1,14,365,59,NA,1241,">1year",3.4,1,NA,">21","","","",NA,"","",NA,"",NA,NA,NA,"","",NA,"","","",NA,"",NA,0,"arat","","","lohse",1,1,31,33.4,10.6,0,31,39.2,13.1,NA,NA,29,38.5,13.6,0.5,5.8,11.91574589,5.1,12.14118099,0.486750897,0.420057983,0.974789916,0.474479866,0.409468286,0.036079459,0.035104011,0.034283257,0.033356372,0.5,658.632540983607,35.2278299076171,15.8402632980094,23.5761475409836,7.74596669241483,2.40544912629757,-3.42803278688525,-42.0258196721311,3.74165738677394,-3.20404998445467,2
"653",653,180,"van nes2006","van nes","2006","exp",409,"exercise therapy with music + CPT","http://www.ncbi.nlm.nih.gov/pubmed/16902175","netherlands","","nijmegen",186.6,186.6,186.6,1,42,84,62.6,NA,34,"<90days",0.093150685,1,NA,"","","","",NA,"1","9.9",NA,"50.6",23.7,NA,NA,"","",5.2,"","","",NA,"",NA,0,"bbs","","","lohse",1,1,26,23.7,18.6,0,26,41.1,14.3,NA,NA,26,44.9,11.9,0.5,17.4,16.58990657,21.2,15.61361585,1.0488305,1.357789265,0.96969697,1.017047757,1.316644136,0.059616258,0.073915225,0.056057896,0.069503389,0.5,-548.367459016393,5.8309518948453,-13.5566147147623,150.176147540984,13.6601610532233,8.31964348710608,0.171967213114755,-14.0258196721311,6.48074069840786,-0.464966672820751,3
"654",654,180,"van nes2006","van nes","2006","exp",410,"balance vibration trianing + CPT","http://www.ncbi.nlm.nih.gov/pubmed/16902175","netherlands","","nijmegen",220.7,220.7,220.7,1,42,84,59.7,NA,38.9,"<90days",0.106575342,1,NA,"","","","",NA,"1","10.3",NA,"47.4",23.9,NA,NA,"","",5.3,"","","",NA,"",NA,0,"bbs","","","lohse",1,1,27,23.9,14.8,0,27,40.6,12.8,NA,NA,27,44.3,10.9,0.5,16.7,13.83618445,20.4,12.99711506,1.206980152,1.569579087,0.970873786,1.17182539,1.523863192,0.064014835,0.082658861,0.060340122,0.077913905,0.5,-543.467459016393,6.23698645180507,-13.1505801578026,184.276147540984,14.8559752288431,9.51545766272584,-2.72803278688524,-14.0258196721311,6.48074069840786,-0.464966672820751,2
"672",672,185,"vistin1998","vistin","1998","ctrl",420,"treadmill walking with full weight bearing","http://www.ncbi.nlm.nih.gov/pubmed/9626282","canada","quebec","montreal",7.92,7.92,7.92,1,42,90,66.7,NA,78.4,"<90days",0.214794521,0,NA,"","","","",NA,"","",NA,"",21.9,NA,NA,"","",NA,"","","",NA,"",NA,14,"bbs","","","lohse",0,0,50,21.9,16.6,0,36,27.76,21.3,NA,NA,36,34.35,21.3,0.5,5.86,18.70242854,12.45,18.70242854,0.313328292,0.665688949,0.984615385,0.308507857,0.655447581,0.020981746,0.024431418,0.02034112,0.023685464,-0.5,-503.967459016393,8.85437744847146,-10.5331891611362,-28.5038524590164,2.81424945589406,-2.52626811022321,4.27196721311476,-14.0258196721311,6.48074069840786,-0.464966672820751,4
"673",673,185,"vistin1998","vistin","1998","exp",421,"BWSTT","http://www.ncbi.nlm.nih.gov/pubmed/9626282","canada","quebec","montreal",7.92,7.92,7.92,1,42,90,66.5,NA,68.1,"<90days",0.186575342,0,NA,"","","","",NA,"","",NA,"",23.3,NA,NA,"","",NA,"","","",NA,"",NA,7,"bbs","","","lohse",0,0,50,23.3,15.3,0,43,35.1,15.27,NA,NA,43,40.4,20.65,0.5,11.8,15.28616116,17.1,17.96827332,0.771940049,0.95167742,0.984615385,0.760064048,0.937036229,0.025958914,0.029056899,0.025166323,0.028169718,0.5,-514.267459016393,8.2522724143111,-11.1352941952965,-28.5038524590164,2.81424945589406,-2.52626811022321,4.07196721311475,-14.0258196721311,6.48074069840786,-0.464966672820751,4
"699",699,192,"werner1996","werner","1996","exp",437,"intensive outpatient therapy","http://www.ncbi.nlm.nih.gov/pubmed/8630191","usa","MI","ann arbor",96,96,96,1,84,270,59,NA,1058.5,">1year",2.9,0,NA,"","","75","",NA,"","",NA,"",NA,NA,NA,"","",NA,"","","",10,"",NA,5,"fim","","","lohse",0,0,33,75,14,1,33,81.6,NA,0,1,33,82.3,NA,0.5,6.6,14,7.3,14,0.471428571,0.521428571,0.976377953,0.460292463,0.509111361,0.033670377,0.034422542,0.032098439,0.032815488,0.5,476.132540983607,32.5345969699949,13.1470303603872,59.5761475409836,9.79795897113271,4.45744140501545,-3.42803278688525,27.9741803278689,9.16515138991168,2.21944401868307,2
"713",713,195,"whitall2011","whitall","2011","ctrl",443,"dose-matched therapeutic exercise","http://www.ncbi.nlm.nih.gov/pubmed/20930212","usa","MD","baltimore",18,18,18,1,42,162,57.7,9.9,1496.5,">1year",4.1,0,NA,"","","","",NA,"","",NA,"",NA,NA,NA,"","55.9",NA,"","","",NA,"",NA,6,"fma-ue","fma","","lohse",1,1,56,31,14.85,1,50,32.9,NA,0,1,39,31.9,NA,0.5,1.9,14.85,0.9,14.85,0.127946128,0.060606061,0.98630137,0.126193441,0.059775841,0.018003305,0.017889938,0.017513443,0.01740316,-0.5,914.132540983607,38.6846222677694,19.2970556581618,-18.4238524590164,4.24264068711928,-1.09787687899798,-4.72803278688524,-14.0258196721311,6.48074069840786,-0.464966672820751,2
"714",714,195,"whitall2011","whitall","2011","exp",444,"bilateral arm training with auditory cuing","http://www.ncbi.nlm.nih.gov/pubmed/20930212","usa","MD","baltimore",18,18,18,1,42,162,59.8,12.5,1642.5,">1year",4.5,0,NA,"","","","",NA,"","",NA,"",NA,NA,NA,"","54.6",NA,"","","",NA,"",NA,13,"fma-ue","fma","","lohse",1,1,55,32.3,14.26,1,42,33.4,NA,0,1,39,32.3,NA,0.5,1.1,14.26,0,14.26,0.07713885,0,0.986046512,0.076062494,0,0.018235913,0.018181818,0.017730554,0.017677959,0.5,1060.13254098361,40.5277682583189,21.1402016487112,-18.4238524590164,4.24264068711928,-1.09787687899798,-2.62803278688525,-14.0258196721311,6.48074069840786,-0.464966672820751,2
"722",722,199,"wolf2006; 2010","wolf","2006; 2010","exp",452,"cimt","http://www.ncbi.nlm.nih.gov/pubmed/17077374","usa","GA","atlanta",261.6,160.8,60,1,14,365,61,NA,179.8,"<1year",0.49260274,1,NA,"28","","","",NA,"","",NA,"",NA,NA,NA,"","52.5",NA,"","0.88","",NA,"",NA,7,"wmft-time","","","lohse",1,1,105,2.96,1.37,0,98,2.38,1.37,NA,NA,80,2.23,1.37,0.5,-0.58,1.37,-0.73,1.37,0.423357664,0.532846715,0.992771084,0.420297247,0.528994811,0.010377294,0.010875836,0.010227803,0.010719164,0.5,-402.567459016393,13.4089522334894,-5.97861437611826,124.376147540984,12.6806939873179,7.34017642120062,-1.42803278688525,-42.0258196721311,3.74165738677394,-3.20404998445467,2
"723",723,199,"wolf2006; 2010","wolf","2006; 2010","ctrl",453,"standard care","http://www.ncbi.nlm.nih.gov/pubmed/17077374","usa","GA","atlanta",0,0,0,1,14,365,63.3,NA,187.7,"<1year",0.514246575,1,NA,"27.5","","","",NA,"","",NA,"",NA,NA,NA,"","52.2",NA,"","0.92","",NA,"",NA,11,"wmft-time","","","lohse",1,1,115,3.18,1.37,0,104,3.1,1.37,NA,NA,86,2.87,1.37,0.5,-0.08,1.37,-0.31,1.37,0.058394161,0.226277372,0.993406593,0.058009144,0.224785434,0.008710478,0.008918267,0.008595993,0.008801051,-0.5,-394.667459016393,13.7003649586425,-5.68720165096512,-36.4238524590164,0,-5.34051756611726,0.87196721311475,-42.0258196721311,3.74165738677394,-3.20404998445467,3
"724",724,200,"wu2007","wu","2007","ctrl",454,"conventional therapy","http://www.ncbi.nlm.nih.gov/pubmed/17678656","taiwan","","taipei",52.5,52.5,52.5,1,21,NA,56.77,NA,359.4,"<1year",0.984657534,0,NA,"","84.43","","4.5",NA,"","",NA,"",NA,NA,NA,"","",NA,"","","",NA,"",NA,0,"fma-ue","fma","","lohse",0,0,23,41.74,13.47,0,23,44.78,13.08,NA,NA,NA,NA,NA,0.5,3.04,13.27643213,NA,13.47,0.228977181,NA,0.965517241,0.221081416,NA,0.044618055,NA,0.041594002,NA,-0.5,-222.967459016393,18.9578479791352,-0.429718630472458,16.0761475409836,7.24568837309472,1.90517080697746,-5.65803278688524,-35.0258196721311,4.58257569495584,-2.36313167627277,1
"725",725,200,"wu2007","wu","2007","exp",455,"CIMT","http://www.ncbi.nlm.nih.gov/pubmed/17678656","taiwan","","taipei",178.5,115.5,52.5,1,21,NA,53.93,NA,375.3,">1year",1.028219178,0,NA,"","84.42","","4.5",NA,"","",NA,"",NA,NA,NA,"","",NA,"","","",NA,"",NA,0,"fma-ue","fma","","lohse",0,0,24,39.5,13.45,0,24,46.75,11.58,NA,NA,NA,NA,NA,0.5,7.25,12.54987849,NA,13.45,0.577694837,NA,0.967032967,0.558649952,NA,0.048619403,NA,0.045466568,NA,0.5,-207.067459016393,19.3726611491555,-0.0149054604521126,79.0761475409836,10.7470926301023,5.40657506398508,-8.49803278688525,-35.0258196721311,4.58257569495584,-2.36313167627277,1
"728",728,202,"wu2010","wu","2010","ctrl",458,"routine physical therapy","http://www.ncbi.nlm.nih.gov/pubmed/20947493","taiwan","","taipei",30,30,30,1,21,NA,55.19,NA,533.1,">1year",1.460547945,0,NA,"27.36","","","[3,5]",NA,"","",NA,"",NA,NA,NA,"","",NA,"",">2","",NA,"",NA,0,"wmft-time","","","lohse",1,0,22,7.18,6.95,0,21,5.83,4.65,NA,NA,NA,NA,NA,0.5,-1.35,5.940359068,NA,6.95,0.22725899,NA,0.963855422,0.219044809,NA,0.046628333,NA,0.043318527,NA,-0.5,-49.2674590163934,23.0889584000665,3.70139179045883,-6.42385245901639,5.47722557505166,0.136708008934398,-7.23803278688525,-35.0258196721311,4.58257569495584,-2.36313167627277,1
"729",729,202,"wu2010","wu","2010","exp",459,"bilateral arm training","http://www.ncbi.nlm.nih.gov/pubmed/20947493","taiwan","","taipei",30,30,30,1,21,NA,52.22,NA,477.6,">1year",1.308493151,0,NA,"28.05","","","[4,6]",NA,"","",NA,"",NA,NA,NA,"","",NA,"",">2","",NA,"",NA,0,"wmft-time","","","lohse",1,0,22,7.57,8.79,0,22,4.25,5.03,NA,NA,NA,NA,NA,0.5,-3.32,7.16118007,NA,8.79,0.463610741,NA,0.963855422,0.446853726,NA,0.05033943,NA,0.0467662,NA,0.5,-104.767459016393,21.8540614074364,2.46649479782873,-6.42385245901639,5.47722557505166,0.136708008934398,-10.2080327868852,-35.0258196721311,4.58257569495584,-2.36313167627277,1
"730",730,202,"wu2010","wu","2010","exp",460,"distributed CIMT","http://www.ncbi.nlm.nih.gov/pubmed/20947493","taiwan","","taipei",156,93,30,1,21,NA,51.91,NA,447.3,">1year",1.225479452,0,NA,"27.82","","","[4,6]",NA,"","",NA,"",NA,NA,NA,"","",NA,"",">2","",NA,"",NA,0,"wmft-time","","","lohse",1,0,22,8.77,7.67,0,21,4.02,2.49,NA,NA,NA,NA,NA,0.5,-4.75,5.758152016,NA,7.67,0.824917437,NA,0.963855422,0.795101144,NA,0.060920199,NA,0.056595918,NA,0.5,-135.067459016393,21.1494680784175,1.76190146880984,56.5761475409836,9.64365076099295,4.30313319487569,-10.5180327868853,-35.0258196721311,4.58257569495584,-2.36313167627277,1
"733",733,203,"wu2012","wu","2012","exp",463,"distributed CIMT with trunk restraint","http://www.ncbi.nlm.nih.gov/pubmed/22228607","taiwan","","taipei",156,93,30,1,21,NA,54,NA,471,">1year",1.290410959,0,NA,"27.2","","","",NA,"","",NA,"",NA,NA,NA,"","",NA,"","","",NA,"",NA,0,"arat","","","lohse",0,0,20,35.9,16.7,0,20,43.4,13.9,NA,NA,NA,NA,NA,0.5,7.5,15.36391877,NA,16.7,0.488156707,NA,0.96,0.468630439,NA,0.055957424,NA,0.051570362,NA,0.5,-111.367459016393,21.7025344142107,2.31496780460306,56.5761475409836,9.64365076099295,4.30313319487569,-8.42803278688525,-35.0258196721311,4.58257569495584,-2.36313167627277,1
"736",736,205,"yang2006","yang","2006","ctrl",466,"usual care/no rehabilitation (chronic stage)","http://www.ncbi.nlm.nih.gov/pubmed/17008338","taiwan","","taipei",0,0,0,1,28,NA,60,10.4,1920,">1year",5.260273973,0,NA,"","","","",NA,"","",NA,"",NA,NA,NA,"","",NA,"","","",NA,"",NA,0,"gait speed 3.7m SSV","","","lohse",0,0,24,77.9,14.3,0,24,77.7,15.4,NA,NA,NA,NA,NA,0.5,-0.2,14.86018169,NA,14.3,-0.013458786,NA,0.967032967,-0.013015089,NA,0.04167044,NA,0.038968227,NA,-0.5,1337.63254098361,43.8178046004133,24.4302379908056,-36.4238524590164,0,-5.34051756611726,-2.42803278688525,-28.0258196721311,5.29150262212918,-1.65420474909943,2
"737",737,205,"yang2006","yang","2006","exp",467,"task oriented progessive resistance training","http://www.ncbi.nlm.nih.gov/pubmed/17008338","taiwan","","taipei",6,6,6,1,28,NA,56.8,10.2,1881,">1year",5.153424658,0,NA,"","","","",NA,"","",NA,"",NA,NA,NA,"","",NA,"","","",NA,"",NA,0,"gait speed 3.7m SSV","","","lohse",0,0,24,84,12.7,0,24,92.5,13.5,NA,NA,NA,NA,NA,0.5,8.5,13.10610545,NA,12.7,0.648552694,NA,0.967032967,0.627171836,NA,0.050429596,NA,0.047159376,NA,0.5,1298.63254098361,43.3704968844029,23.9829302747952,-30.4238524590164,2.44948974278318,-2.89102782333409,-5.62803278688525,-28.0258196721311,5.29150262212918,-1.65420474909943,1
