,index,study_id,id,author,year,group,group_id,group_desc,url,country,region,city,time_MAX,time_50,time_MIN,detailed_time,exp_dur,fu_dur,age_base,age_SD,days_ps,days_cat,yrs_ps,stroke_type,nihss_base,mmse_base,mMmse_base,fim_base,brunstrom_base,frenchay_base,fac_base,barthel_base,mBarthel_base,motricity_base,BBS_base,BBT_base,gcs_base,MAS_base,sis_base,rivermead_base,ashworth_base,mAshworth_base,rankin_base,bdi_base,cesd_base,OPS_base,terminal_dropout,outcome_name,fma_outcome,speed_outcome,SCOAR_outcome,p_outcome_stated,itt_analysis,base_n,base_m,base_mCON,base_sd,difference_score,term_n,term_m,term_mCON,term_sd,diff_base,diff_term,fu_n,fu_m,fu_sd,est_corr,term_diff,term_s_diff,term_s_CON,fu_diff,fu_s_diff,term_d,fu_d,j_corr_factor,term_g,fu_g,term_Vd,fu_Vd,term_Vg,fu_Vg,exp.c,DPS.c,rtDPS,rtDPS.c,time50.c,rtTIME,rtTIME.c,age.c,DUR.c,rtDUR,rtDUR.c
154,154,46,fuzaro2011,fuzaro,2011,exp,100,modified forced use therapy,http://www.ncbi.nlm.nih.gov/pubmed/22378476,brasil,,sao paulo,23,11.5,0,1,28,90,57.8,15.65,924.9,>1year,2.533972603,1,NA,,,,,NA,,,NA,,45,NA,NA,,48.61,NA,,,,NA,,NA,12,10mwt,,speed,USU,0,0,18,,,,0,18,,,,0,0,18,81.06,19.17,0.5,-15.02,9.44,,-18.94,19.17,1.591101695,0.988002087,0.955223881,1.519858335,0.943763187,0.125877906,0.082670781,0.11485763,0.075433174,0.5,246.7355172,30.41216862,8.88160531,-10.82482759,3.391164992,-0.771972955,-3.803206897,-16.66724138,5.291502622,-1.022913104
53,53,20,cho2013,cho,2013,exp,43,virtual reality walking + conventional therapy,http://www.ncbi.nlm.nih.gov/pubmed/23598900,south korea,,seoul,33,33,33,1,42,NA,64.57,4.35,288.28,<1year,0.789808219,1,NA,26.71,,,2.85,NA,,,NA,,NA,NA,NA,,,NA,,,,NA,,NA,1,gait speed,,speed,USU,0,0,7,54.27,0.5427,16.18,0,7,79.67,0.7967,13.91,NA,NA,NA,NA,NA,0.5,25.4,15.08775165,0.150877517,NA,16.18,1.683484762,NA,0.869565217,1.463899793,NA,0.345294353,NA,0.261092138,NA,0.5,-389.8844828,16.97881032,-4.551752983,10.67517241,5.744562647,1.5814247,2.966793103,-2.667241379,6.480740698,0.166324972
153,153,46,fuzaro2011,fuzaro,2011,exp,99,mCIMT,http://www.ncbi.nlm.nih.gov/pubmed/22378476,brasil,,sao paulo,39.67,28.17,16.67,1,28,90,54.15,12.94,587.1,>1year,1.608493151,1,NA,,,,,NA,,,NA,,51.83,NA,NA,,42.63,NA,,,,NA,,NA,10,10mwt,,speed,USU,0,0,19,,,0,0,19,,,,0,0,19,64.47,5.36,0.5,-29.42,15.69,0.1569,-35.53,5.36,1.875079669,6.628731343,0.957746479,1.79585095,6.348644103,0.145155889,1.208949453,0.133148349,1.108943121,0.5,-91.06448276,24.23014651,2.699583205,5.845172414,5.307541804,1.144403858,-7.453206897,-16.66724138,5.291502622,-1.022913104
273,273,81,kim2009,kim,2009,exp,179,CPT + locomotor VR training,http://www.ncbi.nlm.nih.gov/pubmed/19692788,south korea,,seoul,18.7,18.7,18.7,1,28,NA,52.42,10.09,777.3,>1year,2.129589041,0,NA,,,,,NA,,,NA,,NA,NA,NA,,,NA,,,,NA,,NA,0,10mwt,,speed,USU,0,0,12,48.63,0.4863,20.46,0,12,64,0.64,22.66,NA,NA,NA,NA,NA,0.5,15.37,21.58804299,0.21588043,NA,20.46,0.711968195,NA,0.930232558,0.662295995,NA,0.104454113,NA,0.09038755,NA,0.5,99.13551724,27.88010043,6.349537123,-3.624827586,4.324349662,0.161211716,-9.183206897,-16.66724138,5.291502622,-1.022913104
52,52,20,cho2013,cho,2013,ctrl,42,treadmill training + conventional therapy,http://www.ncbi.nlm.nih.gov/pubmed/23598900,south korea,,seoul,33,33,33,1,42,NA,65.14,4.74,312,<1year,0.854794521,1,NA,26.14,,,2.57,NA,,,NA,,NA,NA,NA,,,NA,,,,NA,,NA,1,gait speed,,speed,USU,0,0,7,52.05,0.5205,18.04,0,7,61.8,0.618,20.64,NA,NA,NA,NA,NA,0.5,9.75,19.38364259,0.193836426,NA,18.04,0.503001433,NA,0.869565217,0.43739255,NA,0.160929317,NA,0.121685684,NA,-0.5,-366.1644828,17.66352173,-3.867041574,10.67517241,5.744562647,1.5814247,3.536793103,-2.667241379,6.480740698,0.166324972
29,29,11,brock2011,brock,2011,exp,23,bobath + task specific practice,http://www.ncbi.nlm.nih.gov/pubmed/21788266,australia,victoria,melbourne,6,6,6,1,14,NA,61.3,13,60.3,<90days,0.165205479,1,NA,,,,,NA,,,NA,,NA,NA,NA,,,NA,,,,NA,,NA,2,gait speed,,speed,USU,1,0,12,30.6,0.306,16.2,0,12,56.8,0.568,28.3,NA,NA,NA,NA,NA,0.5,26.2,23.057862,0.23057862,NA,16.2,1.136271871,NA,0.930232558,1.056997089,NA,0.13712974,NA,0.118662836,NA,0.5,-617.8644828,7.765307463,-13.76525584,-16.32482759,2.449489743,-1.713648204,-0.303206897,-30.66724138,3.741657387,-2.57275834
522,522,147,richards2004,richards,2004,ctrl,335,CPT,http://www.ncbi.nlm.nih.gov/pubmed/15537991,canada,quebec,quebec city,44.9,44.9,44.9,2,56,NA,60.7,12,52.6,<90days,0.144109589,1,NA,,,,,NA,,,NA,,NA,NA,NA,,,NA,,,,NA,,NA,1,gait speed SSV,,speed,lohse,1,1,31,24.34,0.2434,12.29,0,31,56.14,0.5614,36.63,NA,NA,31,67.71,33.73,0.5,31.8,27.32033126,0.273203313,43.37,25.38461148,1.163968317,1.708515414,0.974789916,1.134624578,1.665443597,0.054110036,0.079339112,0.051416189,0.075389244,-0.5,-625.5644828,7.252585746,-14.27797756,22.57517241,6.700746227,2.537608281,-0.903206897,11.33275862,7.483314774,1.168899047
521,521,147,richards2004,richards,2004,exp,334,treadmill training and isokinetic exercise,http://www.ncbi.nlm.nih.gov/pubmed/15537991,canada,quebec,quebec city,39.1,39.1,39.1,2,56,NA,62.9,12,52,<90days,0.142465753,1,NA,,,,,NA,,,NA,,NA,NA,NA,,,NA,,,,NA,,NA,2,gait speed SSV,,speed,lohse,1,1,32,26.51,0.2651,14.22,0,32,52.77,0.5277,33.25,NA,NA,32,62.17,34.94,0.5,26.26,25.57118398,0.25571184,35.66,26.67406981,1.026937197,1.336878859,0.975609756,1.001889948,1.304272057,0.047728125,0.059175704,0.045428317,0.056324287,0.5,-626.1644828,7.211102551,-14.31946076,16.77517241,6.25299928,2.089861334,1.296793103,11.33275862,7.483314774,1.168899047
272,272,81,kim2009,kim,2009,ctrl,178,CPT,http://www.ncbi.nlm.nih.gov/pubmed/19692788,south korea,,seoul,10.72,10.72,10.72,1,28,NA,51.75,7.09,727.5,>1year,1.993150685,0,NA,,,,,NA,,,NA,,NA,NA,NA,,,NA,,,,NA,,NA,0,10mwt,,speed,USU,0,0,12,44.45,0.4445,10.1,0,12,46.75,0.4675,13.07,NA,NA,NA,NA,NA,0.5,2.3,11.6797881,0.116797881,NA,10.1,0.196921381,NA,0.930232558,0.18318268,NA,0.084949085,NA,0.073509213,NA,-0.5,49.33551724,26.97220792,5.441644612,-11.60482759,3.274141109,-0.888996838,-9.853206897,-16.66724138,5.291502622,-1.022913104
28,28,11,brock2011,brock,2011,ctrl,22,"""task practice"" intervention",http://www.ncbi.nlm.nih.gov/pubmed/21788266,australia,victoria,melbourne,6,6,6,1,14,NA,56.6,15.8,63.6,<90days,0.174246575,1,NA,,,,,NA,,,NA,,NA,NA,NA,,,NA,,,,NA,,NA,1,gait speed,,speed,USU,1,0,14,26.4,0.264,18.9,0,14,36.2,0.362,27.9,NA,NA,NA,NA,NA,0.5,9.8,23.82876413,0.238287641,NA,18.9,0.411267657,NA,0.941176471,0.387075442,NA,0.077469324,NA,0.068623346,NA,-0.5,-614.5644828,7.974960815,-13.55560249,-16.32482759,2.449489743,-1.713648204,-5.003206897,-30.66724138,3.741657387,-2.57275834
474,474,134,peurala2005,peurala,2005,exp,303,BWS gait training with stimulation + CPT,http://www.ncbi.nlm.nih.gov/pubmed/16084808,finland,,kuopio,20.4,20.4,20.4,3,21,NA,53.3,8.9,949,>1year,2.6,1,NA,,,,,NA,4.1,,NA,,NA,NA,NA,,,NA,,,,NA,,NA,0,10mwt MAX,,speed,lohse,0,0,15,44,0.44,36.2,0,15,35.9,0.359,29.9,NA,NA,15,NA,NA,0.5,-8.1,33.1997741,0.331997741,NA,36.2,0.243977564,NA,0.945454545,0.230669697,NA,0.068650835,NA,0.061365903,NA,0.5,270.8355172,30.8058436,9.275280295,-1.924827586,4.516635916,0.35349797,-8.303206897,-23.66724138,4.582575695,-1.731840032
619,619,169,sungkarat2011,sungkarat,2011,exp,387,gait training with a sensored insole and augmented feedback,http://www.ncbi.nlm.nih.gov/pubmed/21148267,thailand,,chiang mai,15,15,15,1,21,NA,52.112,7.17,118.2,<1year,0.323835616,0,NA,,,,,NA,,,NA,,NA,NA,NA,,,NA,,,,NA,,3.55,3,gait speed,,speed,lohse,1,0,17,23.52,0.2352,10.8,0,17,35.09,0.3509,13.6,NA,NA,NA,NA,NA,0.5,11.57,12.28006515,0.122800652,NA,10.8,0.942177412,NA,0.952380952,0.897311821,NA,0.084932302,NA,0.077036102,NA,0.5,-559.9644828,10.87198234,-10.65858097,-7.324827586,3.872983346,-0.2901546,-9.491206897,-23.66724138,4.582575695,-1.731840032
735,735,204,yang2005,yang,2005,exp,465,CPT + additional backward walking,http://www.ncbi.nlm.nih.gov/pubmed/15859527,taiwan,,taipei,10.5,10.5,10.5,1,21,NA,63.38,NA,163.5,<1year,0.447945205,0,NA,,,,3.615384615,NA,,,NA,,NA,NA,NA,,,NA,,,,NA,,NA,0,gait speed 9m SSV,,speed,lohse,0,0,13,24.83,0.2483,6.69,0,13,33.42,0.3342,5.2,NA,NA,NA,NA,NA,0.5,8.59,5.991498143,0.059914981,NA,6.69,1.433698183,NA,0.936170213,1.342185533,NA,0.155980403,NA,0.136703513,NA,0.5,-514.6644828,12.78671185,-8.743851454,-11.82482759,3.240370349,-0.922767597,1.776793103,-23.66724138,4.582575695,-1.731840032
472,472,134,peurala2005,peurala,2005,ctrl,301,overground walking + CPT,http://www.ncbi.nlm.nih.gov/pubmed/16084808,finland,,kuopio,20.4,20.4,20.4,3,21,NA,52.3,6.8,1460,>1year,4,1,NA,,,,,NA,4.13,,NA,,NA,NA,NA,,,NA,,,,NA,,NA,0,10mwt MAX,,speed,lohse,0,0,15,39.5,0.395,25.5,0,15,32.1,0.321,15.9,NA,NA,14,NA,NA,0.5,-7.4,21.24923528,0.212492353,NA,25.5,0.348247826,NA,0.945454545,0.32925249,NA,0.070709218,NA,0.06320586,NA,-0.5,781.8355172,38.20994635,16.67938304,-1.924827586,4.516635916,0.35349797,-9.303206897,-23.66724138,4.582575695,-1.731840032
473,473,134,peurala2005,peurala,2005,exp,302,BWS gait training + CPT,http://www.ncbi.nlm.nih.gov/pubmed/16084808,finland,,kuopio,20.4,20.4,20.4,3,21,NA,51.2,7.9,876,>1year,2.4,1,NA,,,,,NA,4,,NA,,NA,NA,NA,,,NA,,,,NA,,NA,0,10mwt MAX,,speed,lohse,0,0,15,39.6,0.396,35.4,0,15,30.3,0.303,23.6,NA,NA,14,NA,NA,0.5,-9.3,30.08421513,0.300842151,NA,35.4,0.309132213,NA,0.945454545,0.292270456,NA,0.069852091,NA,0.062439687,NA,0.5,197.8355172,29.59729717,8.066733867,-1.924827586,4.516635916,0.35349797,-10.4032069,-23.66724138,4.582575695,-1.731840032
734,734,204,yang2005,yang,2005,ctrl,464,conventional therapy,http://www.ncbi.nlm.nih.gov/pubmed/15859527,taiwan,,taipei,6,6,6,1,21,NA,63.42,NA,219.9,<1year,0.602465753,0,NA,,,,3.583333333,NA,,,NA,,NA,NA,NA,,,NA,,,,NA,,NA,0,gait speed 9m SSV,,speed,lohse,0,0,12,25.97,0.2597,14.86,0,12,29.62,0.2962,16.35,NA,NA,NA,NA,NA,0.5,3.65,15.62277344,0.156227734,NA,14.86,0.233633293,NA,0.930232558,0.217333296,NA,0.085607688,NA,0.074079124,NA,-0.5,-458.2644828,14.82902559,-6.701537715,-16.32482759,2.449489743,-1.713648204,1.816793103,-23.66724138,4.582575695,-1.731840032
618,618,169,sungkarat2011,sungkarat,2011,ctrl,386,conventional programme of gait retraining,http://www.ncbi.nlm.nih.gov/pubmed/21148267,thailand,,chiang mai,15,15,15,1,21,NA,53.83,11.18,141,<1year,0.38630137,0,NA,,,,,NA,,,NA,,NA,NA,NA,,,NA,,,,NA,,3.44,2,gait speed,,speed,lohse,1,0,18,22.24,0.2224,9.1,0,18,26.3,0.263,8.5,NA,NA,NA,NA,NA,0.5,4.06,8.805112151,0.088051122,NA,9.1,0.461095774,NA,0.955223881,0.440449694,NA,0.06146137,NA,0.05608059,NA,-0.5,-537.1644828,11.87434209,-9.65622122,-7.324827586,3.872983346,-0.2901546,-7.773206897,-23.66724138,4.582575695,-1.731840032
410,410,118,olawale2011,olawale,2011,ctrl,262,conventional physiotherapy,http://www.ncbi.nlm.nih.gov/pubmed/21427155,nigeria,,lagos,36,36,36,1,84,NA,57.2,5.9,309,<1year,0.846575342,0,NA,,,,,NA,,,NA,,NA,NA,NA,,,NA,,,,NA,,NA,3,10mwt SSV,,speed,lohse,1,0,20,26.39,0.2639,11.9,0,20,24.65,0.2465,10.49,NA,NA,NA,NA,NA,0.5,-1.74,11.21717656,0.112171766,NA,11.9,0.155119249,NA,0.96,0.148914479,NA,0.05060155,NA,0.046634388,NA,-0.5,-369.1644828,17.57839583,-3.952167476,13.67517241,6,1.836862054,-4.403206897,39.33275862,9.16515139,2.850735663
411,411,118,olawale2011,olawale,2011,exp,263,CPT + treadmill training,http://www.ncbi.nlm.nih.gov/pubmed/21427155,nigeria,,lagos,51,51,51,1,84,NA,56.8,6.4,306,<1year,0.838356164,0,NA,,,,,NA,,,NA,,NA,NA,NA,,,NA,,,,NA,,NA,2,10mwt SSV,,speed,lohse,1,0,20,30.56,0.3056,10.73,0,20,23.83,0.2383,11.08,NA,NA,NA,NA,NA,0.5,-6.73,10.90640408,0.109064041,NA,10.73,0.617068646,NA,0.96,0.5923859,NA,0.059519343,NA,0.054853026,NA,0.5,-372.1644828,17.49285568,-4.037707622,28.67517241,7.141428429,2.978290482,-4.803206897,39.33275862,9.16515139,2.850735663
412,412,118,olawale2011,olawale,2011,exp,264,CPT + overground walking,http://www.ncbi.nlm.nih.gov/pubmed/21427155,nigeria,,lagos,51,51,51,1,84,NA,56.8,8.3,321,<1year,0.879452055,0,NA,,,,,NA,,,NA,,NA,NA,NA,,,NA,,,,NA,,NA,2,10mwt SSV,,speed,lohse,1,0,20,29.3,0.293,10.6,0,20,20.03,0.2003,8.38,NA,NA,NA,NA,NA,0.5,-9.27,9.554695181,0.095546952,NA,10.6,0.970203635,NA,0.96,0.93139549,NA,0.073532377,NA,0.067767439,NA,0.5,-357.1644828,17.91647287,-3.61409044,28.67517241,7.141428429,2.978290482,-4.803206897,39.33275862,9.16515139,2.850735663
425,425,121,outermans2010,outermans,2010,exp,270,time matched high intensity physiotherapy,http://www.ncbi.nlm.nih.gov/pubmed/20719820,netherlands,,utrecht,9,9,9,1,28,NA,56.8,8.6,22.5,<90days,0.061643836,0,NA,,,,,NA,,,NA,,53,NA,NA,,,NA,,,,NA,,NA,6,10mwt,,speed,lohse,0,1,22,1.5,1.5,0.5,0,22,1.7,1.7,0.5,NA,NA,NA,NA,NA,0.5,0.2,0.5,0.5,NA,0.5,0.4,NA,0.963855422,0.385542169,NA,0.049090909,NA,0.045606303,NA,0.5,-655.6644828,4.74341649,-16.78714682,-13.32482759,3,-1.163137946,-4.803206897,-16.66724138,5.291502622,-1.022913104
493,493,140,pohl2002,pohl,2002,exp,317,structured speed dependent treadmill training,http://www.ncbi.nlm.nih.gov/pubmed/11823669,germany,,kreischa,12,12,12,1,28,NA,58.2,NA,113.4,<1year,0.310684932,1,NA,<26,,,,NA,>3,,NA,,NA,NA,NA,,,NA,0.3,,,NA,,NA,0,10mwt SSV,,speed,lohse,0,0,20,0.61,0.61,0.32,0,20,1.63,1.63,0.8,NA,NA,20,NA,NA,0.5,1.02,0.609261848,0.609261848,NA,0.32,1.674157019,NA,0.96,1.607190738,NA,0.120070043,NA,0.110656552,NA,0.5,-564.7644828,10.64894361,-10.8816197,-10.32482759,3.464101615,-0.699036331,-3.403206897,-16.66724138,5.291502622,-1.022913104
424,424,121,outermans2010,outermans,2010,ctrl,269,low intensity physiotherapy program,http://www.ncbi.nlm.nih.gov/pubmed/20719820,netherlands,,utrecht,9,9,9,1,28,NA,56.3,8.6,23.5,<90days,0.064383562,0,NA,,,,,NA,,,NA,,53.2,NA,NA,,,NA,,,,NA,,NA,6,10mwt,,speed,lohse,0,1,21,1.4,1.4,0.5,0,21,1.4,1.4,0.4,NA,NA,NA,NA,NA,0.5,0,0.452769257,0.452769257,NA,0.5,0,NA,0.962025316,0,NA,0.047619048,NA,0.044071081,NA,-0.5,-654.6644828,4.847679857,-16.68288345,-13.32482759,3,-1.163137946,-5.303206897,-16.66724138,5.291502622,-1.022913104
494,494,140,pohl2002,pohl,2002,exp,318,limited progressive treadmill training,http://www.ncbi.nlm.nih.gov/pubmed/11823669,germany,,kreischa,12,12,12,1,28,NA,57.1,NA,117.6,<1year,0.322191781,1,NA,<26,,,,NA,>3,,NA,,NA,NA,NA,,,NA,0.1,,,NA,,NA,0,10mwt SSV,,speed,lohse,0,0,20,0.66,0.66,0.39,0,20,1.22,1.22,0.74,NA,NA,20,NA,NA,0.5,0.56,0.591481192,0.591481192,NA,0.39,0.946775668,NA,0.96,0.908904641,NA,0.072409604,NA,0.066732691,NA,0.5,-560.5644828,10.84435337,-10.68620994,-10.32482759,3.464101615,-0.699036331,-4.503206897,-16.66724138,5.291502622,-1.022913104
581,581,159,shin2010,shin,2010,exp,361,game-based therapy using PS2 eyetoy,http://www.koreascience.or.kr/article/ArticleFullRecord.jsp?cn=SHGSCZ_2010_v11n1_368,south korea,,asan,18,18,18,1,42,NA,60.75,7.53,2075.7,>1year,5.686849315,1,NA,25.06,,,,NA,,,NA,,NA,NA,NA,,,NA,,,,NA,,NA,0,10mwt,,speed,lohse,0,0,16,0.86,0.86,0.32,0,16,1.1,1.1,0.34,NA,NA,NA,NA,NA,0.5,0.24,0.33015148,0.33015148,NA,0.32,0.726939039,NA,0.949152542,0.689976037,NA,0.079013761,NA,0.071182751,NA,0.5,1397.535517,45.55985075,24.02928744,-4.324827586,4.242640687,0.079502741,-0.853206897,-2.667241379,6.480740698,0.166324972
300,300,88,langhammer2010,langhammer,2010,ctrl,193,treadmill therapy + CPT,http://www.ncbi.nlm.nih.gov/pubmed/20026572,norway,,oslo,35.85,35.85,35.85,3,15.9,NA,74,13.3,419,>1year,1.147945205,0,NA,,,,,NA,,,NA,,NA,NA,NA,5.4,,NA,,,,NA,,NA,3,10mwt,,speed,USU,0,1,21,0.8,0.8,0.5,0,21,1,1,0.4,NA,NA,NA,NA,NA,0.5,0.2,0.452769257,0.452769257,NA,0.5,0.441726104,NA,0.962025316,0.424951695,NA,0.052264808,NA,0.048370699,NA,-0.5,-259.1644828,20.46948949,-1.061073816,13.52517241,5.987486952,1.824349006,12.3967931,-28.76724138,3.987480407,-2.326935319
492,492,140,pohl2002,pohl,2002,ctrl,316,conventional gait training,http://www.ncbi.nlm.nih.gov/pubmed/11823669,germany,,kreischa,15,15,15,1,28,NA,61.6,NA,112.7,<1year,0.308767123,1,NA,<26,,,,NA,>3,,NA,,NA,NA,NA,,,NA,0.1,,,NA,,NA,0,10mwt SSV,,speed,lohse,0,0,20,0.66,0.66,0.42,0,20,0.97,0.97,0.64,NA,NA,20,NA,NA,0.5,0.31,0.541294744,0.541294744,NA,0.42,0.572700924,NA,0.96,0.549792887,NA,0.058199659,NA,0.053636805,NA,-0.5,-565.4644828,10.61602562,-10.91453769,-7.324827586,3.872983346,-0.2901546,-0.003206897,-16.66724138,5.291502622,-1.022913104
763,763,213,yen2008,yen,2008,exp,485,conventional therapy + BWSTT,http://www.ncbi.nlm.nih.gov/pubmed/17507641,taiwan,,taipei,14.1,14.1,14.1,1,28,NA,57.3,16.44,719.05,>1year,1.97,1,NA,,,,4,NA,,,NA,,NA,NA,NA,,,NA,,,,NA,,NA,0,gait speed,,speed,USU,0,0,7,0.69,0.69,0.33,0,7,0.92,0.92,0.33,NA,NA,NA,NA,NA,0.5,0.23,0.33,0.33,NA,0.33,0.696969697,NA,0.869565217,0.606060606,NA,0.177554768,NA,0.134256914,NA,0.5,40.88551724,26.81510768,5.284544375,-8.224827586,3.754996671,-0.408141275,-4.303206897,-16.66724138,5.291502622,-1.022913104
301,301,88,langhammer2010,langhammer,2010,exp,194,outdoor walking,http://www.ncbi.nlm.nih.gov/pubmed/20026572,norway,,oslo,41.5,41.5,41.5,3,16.9,NA,75,10.4,349,<1year,0.956164384,0,NA,,,,,NA,,,NA,,NA,NA,NA,5.3,,NA,,,,NA,,NA,2,10mwt,,speed,USU,0,1,18,0.8,0.8,0.4,0,18,0.9,0.9,0.4,NA,NA,NA,NA,NA,0.5,0.1,0.4,0.4,NA,0.4,0.25,NA,0.955223881,0.23880597,NA,0.057291667,NA,0.052275934,NA,0.5,-329.1644828,18.68154169,-2.849021615,19.17517241,6.442049363,2.278911417,13.3967931,-27.76724138,4.110960958,-2.203454768
456,456,129,park2013,park,2013,exp,289,overground gait training (less impaired group),https://www.jstage.jst.go.jp/article/jpts/25/4/25_2012-353/_pdf,south korea,,daejeon,20,20,20,1,28,NA,55.4,7.2,441,>1year,1.208219178,1,NA,>23,,,,NA,4.8,,NA,,NA,NA,NA,,,NA,,,,NA,,NA,0,10mwt,,speed,USU,0,0,10,0.8,0.8,0.1,0,10,0.9,0.9,0.1,NA,NA,NA,NA,NA,0.5,0.1,0.1,0.1,NA,0.1,1,NA,0.914285714,0.914285714,NA,0.15,NA,0.125387755,NA,0.5,-237.1644828,21,-0.530563307,-2.324827586,4.472135955,0.308998009,-6.203206897,-16.66724138,5.291502622,-1.022913104
457,457,129,park2013,park,2013,exp,290,treadmill gait training (less impaired group),https://www.jstage.jst.go.jp/article/jpts/25/4/25_2012-353/_pdf,south korea,,daejeon,20,20,20,1,28,NA,53.4,7.1,582,>1year,1.594520548,1,NA,>23,,,,NA,5,,NA,,NA,NA,NA,,,NA,,,,NA,,NA,0,10mwt,,speed,USU,0,0,10,0.8,0.8,0.1,0,10,0.9,0.9,0.1,NA,NA,NA,NA,NA,0.5,0.1,0.1,0.1,NA,0.1,1,NA,0.914285714,0.914285714,NA,0.15,NA,0.125387755,NA,0.5,-96.16448276,24.12467616,2.594112857,-2.324827586,4.472135955,0.308998009,-8.203206897,-16.66724138,5.291502622,-1.022913104
690,690,190,walker2000,walker,2000,ctrl,431,conventional PT and OT with additional balance training,http://www.ncbi.nlm.nih.gov/pubmed/10960936,canada,ontario,kingston,65,65,65,1,36.7,66.7,62.4,13.3,35.1,<90days,0.096164384,0,NA,,,,,NA,,,NA,,NA,NA,NA,,,NA,,,,NA,,NA,NA,gait speed,,speed,USU,NA,0,16,0.47,0.47,0.42,0,16,0.89,0.89,0.65,0,0,16,0.93,0.58,0.5,0.42,0.547220248,0.547220248,0.46,0.506359556,0.767515459,0.908445381,0.949152542,0.728489249,0.862253243,0.080908749,0.088289782,0.072889928,0.07953943,-0.5,-643.0644828,5.924525297,-15.60603801,42.67517241,8.062257748,3.899119802,0.796793103,-7.967241379,6.058052492,-0.256363234
119,119,39,duncan2003,duncan,2003,exp,85,home exercise program,http://www.ncbi.nlm.nih.gov/pubmed/12920254,usa,FL,gainesville,50.66,50.66,50.66,3,84,NA,68.5,9,77.5,<90days,0.212328767,1,NA,,,,,NA,,,NA,,NA,NA,NA,,,NA,,,,NA,,NA,6,10mwt,,speed,USU,0,1,44,0.7,0.7,0.3,1,44,0.88,0.88,NA,NA,NA,NA,NA,NA,0.5,0.18,0.3,0.3,NA,0.3,0.6,NA,0.98245614,0.589473684,NA,0.026818182,NA,0.025885447,NA,0.5,-600.6644828,8.803408431,-12.72715488,28.33517241,7.11758386,2.954445913,6.896793103,39.33275862,9.16515139,2.850735663
580,580,159,shin2010,shin,2010,ctrl,360,no specified physical therapy,http://www.koreascience.or.kr/article/ArticleFullRecord.jsp?cn=SHGSCZ_2010_v11n1_368,south korea,,asan,0,0,0,1,42,NA,60.69,9.23,2145,>1year,5.876712329,1,NA,24.19,,,,NA,,,NA,,NA,NA,NA,,,NA,,,,NA,,NA,0,10mwt,,speed,lohse,0,0,16,0.87,0.87,0.19,0,16,0.88,0.88,0.19,NA,NA,NA,NA,NA,0.5,0.01,0.19,0.19,NA,0.19,0.052631579,NA,0.949152542,0.049955397,NA,0.062586565,NA,0.056383645,NA,-0.5,1466.835517,46.31414471,24.7835814,-22.32482759,0,-4.163137946,-0.913206897,-2.667241379,6.480740698,0.166324972
624,624,171,tanaka2012,tanaka,2012,ctrl,390,no therapy,http://www.ncbi.nlm.nih.gov/pubmed/22275464,japan,,tsukuba,0,0,0,1,28,56,60,8.5,1962,>1year,5.375342466,1,NA,>23,,78.2,,NA,,,NA,,NA,NA,NA,,,NA,,,,NA,,NA,0,gait speed,,speed,lohse,0,0,5,0.86,0.86,0.16,0,5,0.88,0.88,0.16,NA,NA,NA,NA,NA,0.5,0.02,0.16,0.16,NA,0.16,0.125,NA,0.8,0.1,NA,0.2015625,NA,0.129,NA,-0.5,1283.835517,44.29446918,22.76390587,-22.32482759,0,-4.163137946,-1.603206897,-16.66724138,5.291502622,-1.022913104
762,762,213,yen2008,yen,2008,ctrl,484,conventional general therapy,http://www.ncbi.nlm.nih.gov/pubmed/17507641,taiwan,,taipei,8.1,8.1,8.1,1,28,NA,56.05,12.69,715.4,>1year,1.96,1,NA,,,,4,NA,,,NA,,NA,NA,NA,,,NA,,,,NA,,NA,0,gait speed,,speed,USU,0,0,7,0.78,0.78,0.43,0,7,0.87,0.87,0.43,NA,NA,NA,NA,NA,0.5,0.09,0.43,0.43,NA,0.43,0.209302326,NA,0.869565217,0.182002022,NA,0.145986247,NA,0.110386576,NA,-0.5,37.23551724,26.74696244,5.216399137,-14.22482759,2.846049894,-1.317088052,-5.553206897,-16.66724138,5.291502622,-1.022913104
78,78,29,dean2000,dean,2000,ctrl,62,upper limb training,http://www.ncbi.nlm.nih.gov/pubmed/10768528,australia,,sydney,0,0,0,1,28,60,62.3,3.3,474.5,>1year,1.3,0,NA,,,,,NA,,,NA,,NA,NA,NA,,,NA,,,,NA,,NA,1,gait speed,,speed,USU,1,0,4,0.853,0.853,0.533,1,4,0.854,0.854,0.542,0,0,4,0.781,0.483,0.5,0.001,0.537518837,0.537518837,-0.072,0.508614785,0.0018604,-0.141560965,0.727272727,0.001353018,-0.102953429,0.250000433,0.252504938,0.132231634,0.133556331,-0.5,-203.6644828,21.78302091,0.252457604,-22.32482759,0,-4.163137946,0.696793103,-16.66724138,5.291502622,-1.022913104
625,625,171,tanaka2012,tanaka,2012,exp,391,GaitMaster 4,http://www.ncbi.nlm.nih.gov/pubmed/22275464,japan,,tsukuba,4,4,4,1,28,56,63,10,1662,>1year,4.553424658,1,NA,>23,,79.9,,NA,,,NA,,NA,NA,NA,,,NA,,,,NA,,NA,0,gait speed,,speed,lohse,0,0,7,0.75,0.75,0.42,0,7,0.85,0.85,0.45,NA,NA,NA,NA,NA,0.5,0.1,0.435258544,0.435258544,NA,0.42,0.229748506,NA,0.869565217,0.199781309,NA,0.146627455,NA,0.110871422,NA,0.5,983.8355172,40.76763422,19.23707091,-18.32482759,2,-2.163137946,1.396793103,-16.66724138,5.291502622,-1.022913104
743,743,206,yang2008,yang,2008,exp,469,virtual reality treadmill training,http://www.ncbi.nlm.nih.gov/pubmed/18358724,taiwan,,taipei,3,3,3,1,21,51,55.45,12.15,2164.45,>1year,5.93,0,NA,,,,,NA,,,NA,,NA,NA,NA,,,NA,,,,NA,,NA,0,gait speed 12m MAX,,speed,lohse,0,0,12,0.69,0.69,0.3,0,11,0.85,0.85,0.31,NA,NA,11,0.86,0.33,0.5,0.16,0.304802825,0.304802825,0.17,0.314642654,0.524929519,0.540295467,0.930232558,0.488306529,0.502600435,0.094814625,0.095496633,0.082046187,0.082636351,0.5,1486.285517,46.5236499,24.99308659,-19.32482759,1.732050808,-2.431087139,-6.153206897,-23.66724138,4.582575695,-1.731840032
357,357,107,mirelman2009,mirelman,2009,exp,236,robot assisted therapy + VR interface,http://www.ncbi.nlm.nih.gov/pubmed/18988916,israel,,tel aviv,8.2,8.2,8.2,4,28,90,61.8,9.94,1131,>1year,3.098630137,0,NA,,,,,NA,,,NA,,48,NA,NA,,,NA,,,,NA,,NA,0,gait speed SSV,,speed,lohse,1,0,9,0.65,0.65,0.25,0,9,0.81,0.81,NA,NA,NA,9,0.76,0.18,0.5,0.16,0.25,0.25,0.11,0.217830209,0.64,0.504980464,0.903225806,0.578064516,0.456111387,0.133866667,0.12527807,0.109210683,0.102203962,0.5,452.8355172,33.63034344,12.09978013,-14.12482759,2.863564213,-1.299573734,0.196793103,-16.66724138,5.291502622,-1.022913104
563,563,155,schauer2003,schauer,2003,exp,352,musical motor therapy,http://www.ncbi.nlm.nih.gov/pubmed/14606736,germany,,berlin,16.25,16.25,16.25,1,21,NA,59,NA,53,<90days,0.145205479,0,NA,,,,,NA,,,NA,,NA,NA,NA,,,NA,,,,NA,,NA,0,gait speed,,speed,lohse,0,0,11,0.64,0.64,0.3,0,11,0.81,0.81,0.29,NA,NA,NA,NA,NA,0.5,0.17,0.29504237,0.29504237,NA,0.3,0.57618843,NA,0.923076923,0.531866244,NA,0.105999687,NA,0.09031926,NA,0.5,-625.1644828,7.280109889,-14.25045342,-6.074827586,4.031128874,-0.132009072,-2.603206897,-23.66724138,4.582575695,-1.731840032
405,405,116,nilsson2001,nilsson,2001,exp,259,body-weight supported treadmill training,http://www.ncbi.nlm.nih.gov/pubmed/11594641,sweden,,gothenburg,48.57,48.57,48.57,1,68,180,54,12.4,22,<90days,0.060273973,1,9.5,,,,,NA,0,,NA,,23.9,NA,NA,,,NA,,,,NA,,NA,3,10mwt,,speed,USU,0,0,36,0.4,0.4,0.2,1,32,0.8,0.8,NA,0,0,28,0.7,0.3,0.5,0.4,0.2,0.2,0.3,0.248544148,2,1.207029022,0.978417266,1.956834532,1.180978036,0.083333333,0.048012765,0.079775029,0.045962636,0.5,-656.1644828,4.69041576,-16.84014755,26.24517241,6.969218034,2.806080087,-7.603206897,23.33275862,8.246211251,1.931795525
562,562,155,schauer2003,schauer,2003,ctrl,351,conventional gait therapy,http://www.ncbi.nlm.nih.gov/pubmed/14606736,germany,,berlin,16.25,16.25,16.25,1,21,NA,61,NA,67,<90days,0.183561644,0,NA,,,,,NA,,,NA,,NA,NA,NA,,,NA,,,,NA,,NA,0,gait speed,,speed,lohse,0,0,12,0.77,0.77,0.3,0,12,0.8,0.8,0.35,NA,NA,NA,NA,NA,0.5,0.03,0.32596012,0.32596012,NA,0.3,0.092035799,NA,0.930232558,0.085614696,NA,0.083686275,NA,0.072416463,NA,-0.5,-611.1644828,8.185352772,-13.34521054,-6.074827586,4.031128874,-0.132009072,-0.603206897,-23.66724138,4.582575695,-1.731840032
173,173,52,globas2012,globas,2012,exp,111,high intensity treadmill training,http://www.ncbi.nlm.nih.gov/pubmed/21885867,switzerland,,zurich,19.5,19.5,19.5,2,90,365,68.6,6.7,1800,>1year,4.931506849,1,4.2,,,,,NA,,,91.7,,NA,NA,NA,,,13.2,,,,NA,,NA,2,10mwt,,speed,USU,0,1,18,0.73,0.73,0.28,0,18,0.79,0.79,0.29,0,0,NA,NA,NA,0.5,0.06,0.285043856,0.285043856,NA,0.28,0.210493925,NA,0.955223881,0.201068824,NA,0.056786325,NA,0.051814833,NA,0.5,1121.835517,42.42640687,20.89584356,-2.824827586,4.415880433,0.252742487,6.996793103,45.33275862,9.486832981,3.172417254
389,389,113,mudge2009,mudge,2009,exp,250,circuit training,http://www.ncbi.nlm.nih.gov/pubmed/19969159,new zealand,,auckland,12,12,12,1,28,90,76,NA,1215.45,>1year,3.33,0,NA,,,,,NA,,,NA,,NA,NA,NA,,,NA,,,,NA,,NA,1,10mwt SSV,,speed,lohse,0,1,31,0.76,0.76,0.3,0,31,0.79,0.79,0.28,NA,NA,31,0.77,0.26,0.5,0.03,0.290172363,0.290172363,0.01,0.280713377,0.103386828,0.035623525,0.974789916,0.100780437,0.034725453,0.032430465,0.032278533,0.030815927,0.030671558,0.5,537.2855172,34.86330449,13.33274118,-10.32482759,3.464101615,-0.699036331,14.3967931,-16.66724138,5.291502622,-1.022913104
314,314,93,lee2008,lee,2008,ctrl,203,sham cycling + sham PRT,http://www.ncbi.nlm.nih.gov/pubmed/18422947,australia,,sydney,0,0,0,1,77,NA,65.3,6,1974,>1year,5.408219178,1,NA,,,,,NA,,,NA,,NA,NA,NA,,,NA,,,,NA,,NA,0,10mwt,,speed,USU,0,1,12,0.66,0.66,0.36,0,12,0.78,0.78,0.43,NA,NA,NA,NA,NA,0.5,0.12,0.396547601,0.396547601,NA,0.36,0.302611842,NA,0.930232558,0.281499388,NA,0.087148914,NA,0.075412797,NA,-0.5,1295.835517,44.42971978,22.89915648,-22.32482759,0,-4.163137946,3.696793103,32.33275862,8.774964387,2.460548661
317,317,93,lee2008,lee,2008,exp,206,cycling + progressive resistence training,http://www.ncbi.nlm.nih.gov/pubmed/18422947,australia,,sydney,30,30,30,1,77,NA,60.5,10.6,1896,>1year,5.194520548,1,NA,,,,,NA,,,NA,,NA,NA,NA,,,NA,,,,NA,,NA,1,10mwt,,speed,USU,0,1,13,0.74,0.74,0.3,0,13,0.76,0.76,0.32,NA,NA,NA,NA,NA,0.5,0.02,0.310161248,0.310161248,NA,0.3,0.064482588,NA,0.936170213,0.060366678,NA,0.077083,NA,0.067556672,NA,0.5,1217.835517,43.54308211,22.01251881,7.675172414,5.477225575,1.314087629,-1.103206897,32.33275862,8.774964387,2.460548661
344,344,102,macko2005,macko,2005,ctrl,225,stretching and low intensity aerobic exercise,http://www.ncbi.nlm.nih.gov/pubmed/16151035,usa,MD,baltimore,5.76,5.76,5.76,1,180,NA,64,8,1170,>1year,3.205479452,1,NA,,,,,NA,,,NA,,NA,NA,NA,,,11.7,,,,NA,,NA,NA,gait speed,,speed,USU,NA,0,29,0.67,0.67,0.07,0,20,0.76,0.76,0.08,NA,NA,NA,NA,NA,0.5,0.09,0.074205006,0.074205006,NA,0.07,1.212856171,NA,0.972972973,1.180076275,NA,0.059845174,NA,0.056654014,NA,-0.5,491.8355172,34.20526275,12.67469945,-16.56482759,2.4,-1.763137946,2.396793103,135.3327586,13.41640786,7.101992138
4,4,2,ada2003,ada,2003,exp,4,overground and treadmill walking,http://www.ncbi.nlm.nih.gov/pubmed/14586916,australia,new south wales,sydney,6,6,6,1,28,49,66,11,840,>1year,2.301369863,0,NA,,,,,NA,,,NA,,NA,NA,NA,,,NA,,,,NA,,NA,1,10mwt SSV,,speed,lohse,0,0,13,0.62,0.62,0.24,0,11,0.75,0.75,0.26,0,0,13,0.83,0.26,0.5,0.13,0.249289901,0.249289901,0.21,0.25019992,0.521481214,0.839328805,0.936170213,0.488195179,0.785754626,0.08738241,0.104018186,0.076583226,0.091163064,0.5,161.8355172,28.98275349,7.452190185,-16.32482759,2.449489743,-1.713648204,4.396793103,-16.66724138,5.291502622,-1.022913104
315,315,93,lee2008,lee,2008,exp,204,cycling + sham progressive resistence training,http://www.ncbi.nlm.nih.gov/pubmed/18422947,australia,,sydney,15,15,15,1,77,NA,67.2,10.6,1572,>1year,4.306849315,1,NA,,,,,NA,,,NA,,NA,NA,NA,,,NA,,,,NA,,NA,2,10mwt,,speed,USU,0,1,14,0.71,0.71,0.42,0,14,0.74,0.74,0.41,NA,NA,NA,NA,NA,0.5,0.03,0.415030119,0.415030119,NA,0.42,0.07228391,NA,0.941176471,0.068031916,NA,0.071615177,NA,0.063437666,NA,0.5,893.8355172,39.6484552,18.1178919,-7.324827586,3.872983346,-0.2901546,5.596793103,32.33275862,8.774964387,2.460548661
345,345,102,macko2005,macko,2005,exp,226,treadmill based aerobic training,http://www.ncbi.nlm.nih.gov/pubmed/16151035,usa,MD,baltimore,48.24,48.24,48.24,1,180,NA,63,10,1050,>1year,2.876712329,1,NA,,,,,NA,,,NA,,NA,NA,NA,,,11.3,,,,NA,,NA,NA,gait speed,,speed,USU,NA,0,32,0.63,0.63,0.06,0,25,0.74,0.74,0.06,NA,NA,NA,NA,NA,0.5,0.11,0.06,0.06,NA,0.06,1.833333333,NA,0.975609756,1.788617886,NA,0.083767361,NA,0.07973098,NA,0.5,371.8355172,32.40370349,10.87314019,25.91517241,6.945502142,2.782364195,1.396793103,135.3327586,13.41640786,7.101992138
691,691,190,walker2000,walker,2000,ctrl,432,conventional PT and OT,http://www.ncbi.nlm.nih.gov/pubmed/10960936,canada,ontario,kingston,52,52,52,1,36.6,66.6,65.8,9.9,42,<90days,0.115068493,0,NA,,,,,NA,,,NA,,NA,NA,NA,,,NA,,,,NA,,NA,NA,gait speed,,speed,USU,NA,0,14,0.48,0.48,0.38,0,14,0.74,0.74,0.53,0,0,14,0.82,0.6,0.5,0.26,0.461139892,0.461139892,0.34,0.502195181,0.56382023,0.677027603,0.941176471,0.530654334,0.63720245,0.082781902,0.087798799,0.073329297,0.077773331,-0.5,-636.1644828,6.480740698,-15.04982261,29.67517241,7.211102551,3.047964605,4.196793103,-8.067241379,6.049793385,-0.264622342
316,316,93,lee2008,lee,2008,exp,205,sham cycling + progressive resistance training,http://www.ncbi.nlm.nih.gov/pubmed/18422947,australia,,sydney,15,15,15,1,77,NA,62.9,9.3,1362,>1year,3.731506849,1,NA,,,,,NA,,,NA,,NA,NA,NA,,,NA,,,,NA,,NA,1,10mwt,,speed,USU,0,1,13,0.67,0.67,0.36,0,13,0.73,0.73,0.41,NA,NA,NA,NA,NA,0.5,0.06,0.385810834,0.385810834,NA,0.36,0.155516628,NA,0.936170213,0.145590035,NA,0.077853285,NA,0.068231761,NA,0.5,683.8355172,36.90528417,15.37472087,-7.324827586,3.872983346,-0.2901546,1.296793103,32.33275862,8.774964387,2.460548661
742,742,206,yang2008,yang,2008,ctrl,468,treadmill training,http://www.ncbi.nlm.nih.gov/pubmed/18358724,taiwan,,taipei,3,3,3,1,21,51,60.89,9.25,2226.5,>1year,6.1,0,NA,,,,,NA,,,NA,,NA,NA,NA,,,NA,,,,NA,,NA,0,gait speed 12m MAX,,speed,lohse,0,0,12,0.71,0.71,0.57,0,9,0.73,0.73,0.63,NA,NA,9,0.77,0.71,0.5,0.02,0.595999823,0.595999823,0.06,0.63273425,0.033557057,0.09482654,0.930232558,0.031215867,0.088210735,0.083380253,0.083708003,0.072151652,0.072435265,-0.5,1548.335517,47.18580295,25.65523964,-19.32482759,1.732050808,-2.431087139,-0.713206897,-23.66724138,4.582575695,-1.731840032
447,447,128,park2011,park,2011,exp,286,routine PT + community ambulation training,http://www.ncbi.nlm.nih.gov/pubmed/21245205,south korea,,daejeon,32,32,32,1,28,NA,59.4,8.46,843,>1year,2.309589041,1,NA,>25,,,,NA,,,NA,,NA,NA,NA,,,NA,,,,NA,,NA,1,10mwt,,speed,lohse,0,0,14,0.51,0.51,0.18,0,13,0.72,0.72,0.24,NA,NA,NA,NA,NA,0.5,0.21,0.21094075,0.21094075,NA,0.18,0.995540217,NA,0.941176471,0.936979028,NA,0.106825012,NA,0.094627,NA,0.5,164.8355172,29.03446228,7.503898975,9.675172414,5.656854249,1.493716303,-2.203206897,-16.66724138,5.291502622,-1.022913104
600,600,166,sullivan2002,sullivan,2002,exp,376,BWSTT at high speed,http://www.ncbi.nlm.nih.gov/pubmed/11994808,usa,CA,los angeles,4,4,4,3,28,118,64.4,NA,816,>1year,2.235616438,0,NA,27,,,,NA,,,NA,,NA,NA,NA,,,NA,,,,NA,,NA,0,10mwt SSV,,speed,lohse,1,0,8,0.57,0.57,0.26,0,8,0.72,0.72,0.34,NA,NA,8,0.78,0.42,0.5,0.15,0.302654919,0.302654919,0.21,0.349284984,0.49561395,0.601228251,0.888888889,0.440545734,0.534425112,0.140352074,0.147592213,0.110895466,0.11661607,0.5,137.8355172,28.56571371,7.035150407,-18.32482759,2,-2.163137946,2.796793103,-16.66724138,5.291502622,-1.022913104
706,706,194,westlake2009,westlake,2009,exp,442,gait training with lokomat,http://www.ncbi.nlm.nih.gov/pubmed/19523207,usa,CA,san francisco,6,6,6,3,28,NA,58.6,16.9,1314,>1year,3.6,0,NA,,,,,NA,,,NA,,NA,NA,NA,,,NA,,,,NA,,NA,0,gait speed 4.3m SSV,,speed,lohse,1,0,8,0.62,0.62,0.31,0,8,0.72,0.72,0.38,NA,NA,NA,NA,NA,0.5,0.1,0.346770818,0.346770818,NA,0.31,0.2883749,NA,0.888888889,0.256333245,NA,0.130197505,NA,0.102872103,NA,0.5,635.8355172,36.24913792,14.71857461,-16.32482759,2.449489743,-1.713648204,-3.003206897,-16.66724138,5.291502622,-1.022913104
118,118,39,duncan2003,duncan,2003,ctrl,84,standard care,http://www.ncbi.nlm.nih.gov/pubmed/12920254,usa,FL,gainesville,28.65,28.65,28.65,3,84,NA,70.2,11.4,73.5,<90days,0.201369863,1,NA,,,,,NA,,,NA,,NA,NA,NA,,,NA,,,,NA,,NA,2,10mwt,,speed,USU,0,1,48,0.6,0.6,0.3,1,48,0.71,0.71,NA,NA,NA,NA,NA,NA,0.5,0.11,0.3,0.3,NA,0.3,0.366666667,NA,0.983957219,0.360784314,NA,0.022233796,NA,0.021526135,NA,-0.5,-604.6644828,8.5732141,-12.95734921,6.325172414,5.352569476,1.18943153,8.596793103,39.33275862,9.16515139,2.850735663
131,131,41,eich2004,eich,2004,exp,89,treadmill walking + conventional therapy,http://www.ncbi.nlm.nih.gov/pubmed/15473116,germany,,berlin,30,30,30,3,42,84,62.4,6,42.7,<90days,0.116986301,1,NA,,,,,NA,,,67.8,,NA,NA,NA,,,NA,,,,NA,,NA,0,10mwt,,speed,lohse,0,1,25,0.4,0.4,0.17,0,25,0.71,0.71,0.3,0,0,24,0.77,0.35,0.5,0.31,0.243823707,0.243823707,0.37,0.273320792,1.271410414,1.353720649,0.968421053,1.231260611,1.310971576,0.072329689,0.076651192,0.067833627,0.071886503,0.5,-635.4644828,6.534523701,-14.99603961,7.675172414,5.477225575,1.314087629,0.796793103,-2.667241379,6.480740698,0.166324972
79,79,29,dean2000,dean,2000,exp,63,circuit training,http://www.ncbi.nlm.nih.gov/pubmed/10768528,australia,,sydney,12,12,12,1,28,60,66.2,4.7,839.5,>1year,2.3,0,NA,,,,,NA,,,NA,,NA,NA,NA,,,NA,,,,NA,,NA,2,gait speed,,speed,USU,1,0,5,0.581,0.581,0.509,1,5,0.707,0.707,0.483,0,0,4,0.788,0.484,0.5,0.126,0.496170334,0.496170334,0.207,0.498439278,0.25394505,0.415296324,0.8,0.20315604,0.332237059,0.206448809,0.217247104,0.132127238,0.139038146,0.5,161.3355172,28.97412639,7.443563082,-10.32482759,3.464101615,-0.699036331,4.596793103,-16.66724138,5.291502622,-1.022913104
404,404,116,nilsson2001,nilsson,2001,ctrl,258,overground walking training,http://www.ncbi.nlm.nih.gov/pubmed/11594641,sweden,,gothenburg,47.14,47.14,47.14,1,66,280,56,12.1,17,<90days,0.046575342,1,8,,,,,NA,0,,NA,,23.3,NA,NA,,,NA,,,,NA,,NA,1,10mwt,,speed,USU,0,0,37,0.4,0.4,0.2,1,34,0.7,0.7,NA,0,0,32,0.8,0.4,0.5,0.3,0.2,0.2,0.4,0.309066964,1.5,1.294217911,0.979020979,1.468531469,1.267066486,0.057432432,0.049662162,0.055047957,0.047600292,-0.5,-661.1644828,4.123105626,-17.40745768,24.81517241,6.865857558,2.702719611,-5.603206897,21.33275862,8.124038405,1.809622678
278,278,84,kuys2011,kuys,2011,ctrl,184,conventional therapy,http://www.ncbi.nlm.nih.gov/pubmed/20921032,australia,,brisbane,30,30,30,2,42,126,72,17,49,<90days,0.134246575,0,NA,28,,,,NA,,,80,,NA,NA,NA,"<4,5,6",,NA,,,,NA,,NA,0,10mwt,,speed,lohse,0,1,15,0.58,0.58,0.36,0,15,0.68,0.68,0.37,0,0,12,0.66,0.41,0.5,0.1,0.365034245,0.365034245,0.08,0.382805434,0.273946901,0.208983449,0.945454545,0.259004342,0.197584352,0.06916823,0.068122469,0.061828395,0.060893606,-0.5,-629.1644828,7,-14.53056331,7.675172414,5.477225575,1.314087629,10.3967931,-2.667241379,6.480740698,0.166324972
356,356,107,mirelman2009,mirelman,2009,exp,235,robot assisted therapy,http://www.ncbi.nlm.nih.gov/pubmed/18988916,israel,,tel aviv,7.5,7.5,7.5,4,28,90,61,8.32,1746,>1year,4.783561644,0,NA,,,,,NA,,,NA,,46,NA,NA,,,NA,,,,NA,,NA,0,gait speed SSV,,speed,lohse,1,0,9,0.67,0.67,0.28,0,9,0.68,0.68,NA,NA,NA,9,0.67,0.29,0.5,0.01,0.28,0.28,0,0.285043856,0.035714286,0,0.903225806,0.032258065,0,0.111181973,0.111111111,0.090704128,0.090646317,0.5,1067.835517,41.78516483,20.25460152,-14.82482759,2.738612788,-1.424525159,-0.603206897,-16.66724138,5.291502622,-1.022913104
394,394,114,ng2007,ng,2007,exp,253,functional electrical stim + task relevant training,http://www.ncbi.nlm.nih.gov/pubmed/17901383,china,,hong kong,20,20,20,1,28,56,58.4,NA,1825,>1year,5,0,NA,,,,,NA,,,NA,,NA,NA,NA,,,NA,,,,NA,,NA,1,gait speed 4.6m SSV,,speed,lohse,0,0,21,0.51,0.51,0.28,0,21,0.68,0.68,0.34,NA,NA,21,0.72,0.34,0.5,0.17,0.31144823,0.31144823,0.21,0.31144823,0.545837104,0.674269364,0.962025316,0.525109113,0.648664198,0.054712813,0.05844379,0.05063631,0.054089301,0.5,1146.835517,42.72001873,21.18945542,-2.324827586,4.472135955,0.308998009,-3.203206897,-16.66724138,5.291502622,-1.022913104
605,605,167,sullivan2007,sullivan,2007,exp,381,BWSTT with progessive lower extremity resistance training,http://www.ncbi.nlm.nih.gov/pubmed/17895349,usa,CA,los angeles,24,24,24,1,42,222,61.4,11.2,621,>1year,1.701369863,1,NA,,,,,NA,,,NA,,40.4,NA,NA,,,NA,,,,NA,,NA,4,10mwt SSV,,speed,lohse,1,1,20,0.57,0.57,0.35,0,16,0.67,0.67,0.37,NA,NA,14,0.77,0.3,0.5,0.1,0.358960919,0.358960919,0.2,0.330600779,0.278581859,0.604959252,0.96,0.267438585,0.580760882,0.051940196,0.059149392,0.047868085,0.05451208,0.5,-57.16448276,24.91987159,3.389308282,1.675172414,4.898979486,0.735841539,-0.203206897,-2.667241379,6.480740698,0.166324972
215,215,64,hui chan2009,hui chan,2009,exp,141,STIM + task specific training,http://www.ncbi.nlm.nih.gov/pubmed/19509438,china,,hong kong,20,20,20,1,28,56,56.6,7.9,1715.5,>1year,4.7,0,NA,,,,,NA,,,NA,,NA,NA,NA,,,NA,,,,NA,,NA,0,gait speed 4.6m,,speed,lohse,0,1,27,0.479,0.479,0.268,0,27,0.666,0.666,0.325,NA,NA,27,0.702,0.327,0.5,0.187,0.297866581,0.297866581,0.223,0.298959027,0.627797853,0.745921613,0.970873786,0.609512479,0.724195741,0.044335743,0.047340723,0.04179069,0.044623172,0.5,1037.335517,41.41859486,19.88803155,-2.324827586,4.472135955,0.308998009,-5.003206897,-16.66724138,5.291502622,-1.022913104
286,286,85,kwakkel/kwakkel1999/2002,kwakkel/kwakkel,1999/2002,exp,188,leg intensive therapy + CPT,http://www.ncbi.nlm.nih.gov/pubmed/10421300,netherlands,,amsterdam,117.17,117.17,117.17,2,140,364,64.5,9.7,7,<90days,0.02,1,NA,27,,,,NA,,,NA,,NA,NA,15,,,NA,,,,NA,,4,5,10mwt SSV,,speed,lohse,0,1,31,0,0,0,0,31,0.65,0.65,0.46,NA,NA,31,0.64,0.46,0.5,0.65,0.46,0.46,0.64,0.46,1.413043478,1.391304348,0.974789916,1.377420533,1.356229448,0.064462772,0.06347948,0.061253518,0.060319179,0.5,-671.1644828,2.645751311,-18.884812,94.84517241,10.82450923,6.66137128,2.896793103,95.33275862,11.83215957,5.51774384
705,705,194,westlake2009,westlake,2009,ctrl,441,manually assisted BWSTT,http://www.ncbi.nlm.nih.gov/pubmed/19523207,usa,CA,san francisco,6,6,6,3,28,NA,55.1,13.6,1104,>1year,3.024657534,0,NA,,,,,NA,,,NA,,NA,NA,NA,,,NA,,,,NA,,NA,0,gait speed 4.3m SSV,,speed,lohse,1,0,8,0.62,0.62,0.28,0,8,0.65,0.65,0.29,NA,NA,NA,NA,NA,0.5,0.03,0.285043856,0.285043856,NA,0.28,0.105246962,NA,0.888888889,0.093552855,NA,0.125692308,NA,0.099312441,NA,-0.5,425.8355172,33.22649545,11.69593214,-16.32482759,2.449489743,-1.713648204,-6.503206897,-16.66724138,5.291502622,-1.022913104
213,213,64,hui chan2009,hui chan,2009,exp,139,transcutaneous electrical stim only,http://www.ncbi.nlm.nih.gov/pubmed/19509438,china,,hong kong,0,0,0,1,28,56,56.6,7.9,1715.5,>1year,4.7,0,NA,,,,,NA,,,NA,,NA,NA,NA,,,NA,,,,NA,,NA,0,gait speed 4.6m,,speed,lohse,0,1,28,0.577,0.577,0.263,0,28,0.649,0.649,0.289,NA,NA,28,0.612,0.273,0.5,0.072,0.27630599,0.27630599,0.035,0.268046638,0.26058067,0.130574292,0.971962617,0.25327467,0.126913331,0.036926827,0.036018744,0.034885191,0.034027315,0.5,1037.335517,41.41859486,19.88803155,-22.32482759,0,-4.163137946,-5.003206897,-16.66724138,5.291502622,-1.022913104
305,305,90,lau2011,lau,2011,exp,198,progressive increases in treadmill speed within a session,http://www.ncbi.nlm.nih.gov/pubmed/21698340,china,,hong kong,20,20,20,1,14,NA,69.5,NA,12.9,<90days,0.035342466,0,NA,>23,,,,NA,,,NA,,NA,NA,NA,,,NA,,0 or 1,,NA,,NA,2,10mwt SSV,,speed,lohse,0,0,15,0.28,0.28,0.19,0,13,0.64,0.64,0.32,NA,NA,NA,NA,NA,0.5,0.36,0.258263431,0.258263431,NA,0.19,1.393925567,NA,0.945454545,1.317893263,NA,0.131434283,NA,0.117487042,NA,0.5,-665.2644828,3.591656999,-17.93890631,-2.324827586,4.472135955,0.308998009,7.896793103,-30.66724138,3.741657387,-2.57275834
392,392,114,ng2007,ng,2007,ctrl,251,no treatment,http://www.ncbi.nlm.nih.gov/pubmed/17901383,china,,hong kong,0,0,0,1,28,56,57.3,NA,1898,>1year,5.2,0,NA,,,,,NA,,,NA,,NA,NA,NA,,,NA,,,,NA,,NA,1,gait speed 4.6m SSV,,speed,lohse,0,0,20,0.63,0.63,0.25,0,20,0.64,0.64,0.24,NA,NA,20,0.65,0.24,0.5,0.01,0.245051015,0.245051015,0.02,0.245051015,0.040807829,0.081615659,0.96,0.039175516,0.078351032,0.050041632,0.050166528,0.046118368,0.046233472,-0.5,1219.835517,43.56604182,22.03547851,-22.32482759,0,-4.163137946,-4.303206897,-16.66724138,5.291502622,-1.022913104
279,279,84,kuys2011,kuys,2011,exp,185,CPT + HI treadmill,http://www.ncbi.nlm.nih.gov/pubmed/20921032,australia,,brisbane,36.3,36.3,36.3,2,42,126,63,14,52,<90days,0.142465753,0,NA,28,,,,NA,,,76,,NA,NA,NA,"<4,5,6",,NA,,,,NA,,NA,2,10mwt,,speed,lohse,0,1,15,0.34,0.34,0.2,0,13,0.63,0.63,0.3,0,0,12,0.72,0.35,0.5,0.29,0.251151196,0.251151196,0.38,0.276224546,1.154682936,1.375692367,0.945454545,1.09170023,1.300654602,0.111109756,0.129750983,0.099319266,0.115982366,0.5,-626.1644828,7.211102551,-14.31946076,13.97517241,6.024948133,1.861810186,1.396793103,-2.667241379,6.480740698,0.166324972
337,337,100,luft2008,luft,2008,exp,222,progressive BWS treadmill training,http://www.ncbi.nlm.nih.gov/pubmed/18757284,germany,,tubingen,48.24,48.24,48.24,1,168,NA,63.2,8.7,1875,>1year,5.136986301,1,3.5,>18,,,,NA,,,NA,,NA,NA,NA,,,NA,,,,NA,>16,NA,22,10mwt SSV,,speed,lohse,1,0,37,0.55,0.55,0.3,0,37,0.63,0.63,NA,NA,NA,NA,NA,NA,0.5,0.08,0.3,0.3,NA,0.3,0.266666667,NA,0.979020979,0.261072261,NA,0.027987988,NA,0.026825985,NA,0.5,1196.835517,43.30127019,21.77070688,25.91517241,6.945502142,2.782364195,1.596793103,123.3327586,12.9614814,6.64706567
388,388,113,mudge2009,mudge,2009,ctrl,249,group social and educational classes,http://www.ncbi.nlm.nih.gov/pubmed/19969159,new zealand,,auckland,0,0,0,1,28,90,71,NA,2117,>1year,5.8,0,NA,,,,,NA,,,NA,,NA,NA,NA,,,NA,,,,NA,,NA,2,10mwt SSV,,speed,lohse,0,1,27,0.62,0.62,0.27,0,27,0.63,0.63,0.25,NA,NA,27,0.63,0.25,0.5,0.01,0.260192237,0.260192237,0.01,0.260192237,0.038433122,0.038433122,0.970873786,0.037313711,0.037313711,0.037064391,0.037064391,0.034936743,0.034936743,-0.5,1438.835517,46.01086828,24.48030497,-22.32482759,0,-4.163137946,9.396793103,-16.66724138,5.291502622,-1.022913104
393,393,114,ng2007,ng,2007,exp,252,functional electrical stimulation,http://www.ncbi.nlm.nih.gov/pubmed/17901383,china,,hong kong,0,0,0,1,28,56,56.4,NA,2263,>1year,6.2,0,NA,,,,,NA,,,NA,,NA,NA,NA,,,NA,,,,NA,,NA,2,gait speed 4.6m SSV,,speed,lohse,0,0,19,0.55,0.55,0.26,0,19,0.63,0.63,0.28,NA,NA,19,0.59,0.27,0.5,0.08,0.270185122,0.270185122,0.04,0.265047166,0.296093284,0.150916536,0.957746479,0.2835823,0.144539781,0.054938717,0.053230942,0.050394094,0.048827589,0.5,1584.835517,47.57099957,26.04043626,-22.32482759,0,-4.163137946,-5.203206897,-16.66724138,5.291502622,-1.022913104
602,602,167,sullivan2007,sullivan,2007,exp,378,BWSTT with upper extremity ergometry,http://www.ncbi.nlm.nih.gov/pubmed/17895349,usa,CA,los angeles,24,24,24,1,42,222,60.6,13.7,825,>1year,2.260273973,1,NA,,,,,NA,,,NA,,42.1,NA,NA,,,NA,,,,NA,,NA,1,10mwt SSV,,speed,lohse,1,1,20,0.5,0.5,0.23,0,19,0.63,0.63,0.32,NA,NA,19,0.65,0.33,0.5,0.13,0.277454647,0.277454647,0.15,0.28309582,0.468545045,0.529855934,0.96,0.449803243,0.508661696,0.055488361,0.057018683,0.051138074,0.052548418,0.5,146.8355172,28.72281323,7.192249926,1.675172414,4.898979486,0.735841539,-1.003206897,-2.667241379,6.480740698,0.166324972
604,604,167,sullivan2007,sullivan,2007,exp,380,BWSTT with cycling,http://www.ncbi.nlm.nih.gov/pubmed/17895349,usa,CA,los angeles,24,24,24,1,42,222,58.2,15.2,693,>1year,1.898630137,1,NA,,,,,NA,,,NA,,45.2,NA,NA,,,NA,,,,NA,,NA,2,10mwt SSV,,speed,lohse,1,1,20,0.54,0.54,0.28,0,18,0.63,0.63,0.33,NA,NA,16,0.64,0.32,0.5,0.09,0.304635483,0.304635483,0.1,0.298308959,0.295435052,0.335222918,0.96,0.28361765,0.321814002,0.052182047,0.05280936,0.048090974,0.048669106,0.5,14.83551724,26.32489316,4.794329855,1.675172414,4.898979486,0.735841539,-3.403206897,-2.667241379,6.480740698,0.166324972
122,122,40,duncan2011,duncan,2011,exp,86,early locomotor,http://www.nejm.org/doi/full/10.1056/NEJMoa1010790,usa,NC,durham,54,54,54,3,98,365,60.1,12.3,64.1,<90days,0.175616438,1,NA,26,,,,NA,,,NA,,NA,NA,NA,,54.1,NA,,,3.370503597,NA,,NA,NA,gait speed comfortable,,speed,lohse,1,1,139,0.37,0.37,0.22,1,139,0.62,0.62,NA,1,0,139,0.6,NA,0.5,0.25,0.22,0.22,0.23,0.22,1.136363636,1.045454545,0.994555354,1.130176539,1.039762415,0.011839289,0.01112581,0.011710718,0.011004988,0.5,-614.0644828,8.00624756,-13.52431575,31.67517241,7.348469228,3.185331282,-1.503206897,53.33275862,9.899494937,3.58507921
124,124,40,duncan2011,duncan,2011,exp,88,home exercise program,http://www.nejm.org/doi/full/10.1056/NEJMoa1010790,usa,NC,durham,54,54,54,3,98,365,62.6,13.3,62.9,<90days,0.172328767,1,NA,26,,,,NA,,,NA,,NA,NA,NA,,54.4,NA,,,3.25,NA,,NA,NA,gait speed comfortable,,speed,lohse,1,1,126,0.39,0.39,0.22,1,126,0.62,0.62,NA,1,0,126,0.64,NA,0.5,0.23,0.22,0.22,0.25,0.22,1.045454545,1.136363636,0.993987976,1.039169248,1.129531791,0.012273711,0.013060803,0.012126575,0.012904231,0.5,-615.2644828,7.930952024,-13.59961128,31.67517241,7.348469228,3.185331282,0.996793103,53.33275862,9.899494937,3.58507921
212,212,64,hui chan2009,hui chan,2009,ctrl,138,no treatment?,http://www.ncbi.nlm.nih.gov/pubmed/19509438,china,,hong kong,0,0,0,1,28,56,56.6,7.9,1715.5,>1year,4.7,0,NA,,,,,NA,,,NA,,NA,NA,NA,,,NA,,,,NA,,NA,0,gait speed 4.6m,,speed,lohse,0,1,29,0.589,0.589,0.249,0,29,0.609,0.609,0.248,NA,NA,29,0.612,0.242,0.5,0.02,0.248500503,0.248500503,0.023,0.245524948,0.080482734,0.093676835,0.972972973,0.078307525,0.091145029,0.034594439,0.034634058,0.032749739,0.032787245,-0.5,1037.335517,41.41859486,19.88803155,-22.32482759,0,-4.163137946,-5.003206897,-16.66724138,5.291502622,-1.022913104
214,214,64,hui chan2009,hui chan,2009,exp,140,placebo stim + task specific training,http://www.ncbi.nlm.nih.gov/pubmed/19509438,china,,hong kong,20,20,20,1,28,56,56.6,7.9,1715.5,>1year,4.7,0,NA,,,,,NA,,,NA,,NA,NA,NA,,,NA,,,,NA,,NA,0,gait speed 4.6m,,speed,lohse,0,1,25,0.507,0.507,0.245,0,25,0.606,0.606,0.297,NA,NA,25,0.613,0.286,0.5,0.099,0.272244376,0.272244376,0.106,0.266290255,0.363643876,0.398061882,0.968421053,0.352160385,0.385491506,0.042644737,0.043169065,0.039993912,0.040485647,0.5,1037.335517,41.41859486,19.88803155,-2.324827586,4.472135955,0.308998009,-5.003206897,-16.66724138,5.291502622,-1.022913104
132,132,41,eich2004,eich,2004,ctrl,90,conventional therapy dosage matched to exp group,http://www.ncbi.nlm.nih.gov/pubmed/15473116,germany,,berlin,30,30,30,3,42,84,64,4.8,65.6,<90days,0.179726027,1,NA,,,,,NA,,,65.6,,NA,NA,NA,,,NA,,,,NA,,NA,0,10mwt,,speed,lohse,0,1,25,0.44,0.44,0.22,0,25,0.6,0.6,0.22,0,0,25,0.58,0.22,0.5,0.16,0.22,0.22,0.14,0.22,0.727272727,0.636363636,0.968421053,0.70430622,0.616267943,0.050578512,0.048099174,0.047434518,0.045109297,-0.5,-612.5644828,8.099382693,-13.43118061,7.675172414,5.477225575,1.314087629,2.396793103,-2.667241379,6.480740698,0.166324972
195,195,59,hidler2009,hidler,2009,ctrl,127,conventional gait training,http://www.ncbi.nlm.nih.gov/pubmed/19109447,usa,DC,washington DC,24,24,24,3,63,153,54.6,11.3,138.9,<1year,0.380547945,1,NA,26.8,,,,NA,,,NA,,NA,NA,NA,,,NA,,,,NA,7.4,NA,4,gait speed SSV,,speed,lohse,1,0,30,0.35,0.35,0.164,1,30,0.6,0.6,NA,1,0,30,0.65,NA,0.5,0.25,0.164,0.164,0.3,0.164,1.524390244,1.829268293,0.973913043,1.484623542,1.78154825,0.07206276,0.089103708,0.068352005,0.084515457,-0.5,-539.2644828,11.78558441,-9.744978892,1.675172414,4.898979486,0.735841539,-7.003206897,18.33275862,7.937253933,1.622838207
401,401,115,ng2008,ng,2008,exp,257,electromechanical gait training + FES,http://stroke.ahajournals.org/content/39/1/154.short,china,,hong kong,50,50,50,1,28,180,62,10,16.1,<90days,0.044109589,1,NA,>21,,,,NA,<3,,NA,,NA,NA,NA,,,NA,,,,NA,,NA,0,gait speed,,speed,USU,0,1,16,0,0,0,0,16,0.6,0.6,0.4,0,0,16,0.69,0.32,0.5,0.6,0.4,0.4,0.69,0.32,1.5,2.15625,0.949152542,1.423728814,2.046610169,0.1328125,0.207794189,0.119649526,0.187199821,0.5,-662.0644828,4.01248053,-17.51808278,27.67517241,7.071067812,2.907929866,0.396793103,-16.66724138,5.291502622,-1.022913104
599,599,166,sullivan2002,sullivan,2002,exp,375,BWSTT at slow speed,http://www.ncbi.nlm.nih.gov/pubmed/11994808,usa,CA,los angeles,4,4,4,3,28,118,70.9,NA,675,>1year,1.849315068,0,NA,27,,,,NA,,,NA,,NA,NA,NA,,,NA,,,,NA,,NA,0,10mwt SSV,,speed,lohse,1,0,8,0.53,0.53,0.29,0,8,0.59,0.59,0.36,NA,NA,8,0.69,0.45,0.5,0.06,0.326879183,0.326879183,0.16,0.378549865,0.183554057,0.422665585,0.888888889,0.163159161,0.375702742,0.127105756,0.136165387,0.100429239,0.107587467,0.5,-3.164482759,25.98076211,4.450198807,-18.32482759,2,-2.163137946,9.296793103,-16.66724138,5.291502622,-1.022913104
601,601,166,sullivan2002,sullivan,2002,exp,377,BWSTT at variable speed,http://www.ncbi.nlm.nih.gov/pubmed/11994808,usa,CA,los angeles,4,4,4,3,28,118,66.5,NA,828,>1year,2.268493151,0,NA,28.7,,,,NA,,,NA,,NA,NA,NA,,,NA,,,,NA,,NA,0,10mwt SSV,,speed,lohse,1,0,8,0.52,0.52,0.31,0,8,0.59,0.59,0.34,NA,NA,8,0.63,0.4,0.5,0.07,0.32534597,0.32534597,0.11,0.357840747,0.215155578,0.307399314,0.888888889,0.191249402,0.273243835,0.127893245,0.130905896,0.101051453,0.103431819,0.5,149.8355172,28.77498914,7.244425833,-18.32482759,2,-2.163137946,4.896793103,-16.66724138,5.291502622,-1.022913104
395,395,114,ng2007,ng,2007,exp,254,placebo stim + task relevant therapy,http://www.ncbi.nlm.nih.gov/pubmed/17901383,china,,hong kong,20,20,20,1,28,56,57.1,NA,1715.5,>1year,4.7,0,NA,,,,,NA,,,NA,,NA,NA,NA,,,NA,,,,NA,,NA,2,gait speed 4.6m SSV,,speed,lohse,0,0,20,0.49,0.49,0.25,0,20,0.58,0.58,0.3,NA,NA,20,0.58,0.29,0.5,0.09,0.276134025,0.276134025,0.09,0.270739727,0.325928686,0.332422585,0.96,0.312891538,0.319125681,0.052655738,0.052762619,0.048527528,0.04862603,0.5,1037.335517,41.41859486,19.88803155,-2.324827586,4.472135955,0.308998009,-4.503206897,-16.66724138,5.291502622,-1.022913104
667,667,184,verma2011,verma,2011,exp,419,task oriented circuit training,http://www.ncbi.nlm.nih.gov/pubmed/22120031,india,,lucknow,8.12,8.12,8.12,1,14,42,53.27,8.53,42.49,<90days,0.116410959,1,5.47,26.87,,,,NA,,,NA,,NA,NA,NA,,,NA,,,,NA,,NA,0,10mwt,,speed,USU,0,1,15,0.41,0.41,0.08,0,15,0.58,0.58,0.14,0,0,15,0.62,0.14,0.5,0.17,0.114017543,0.114017543,0.21,0.114017543,1.490998633,1.841821841,0.945454545,1.409671435,1.741358831,0.140769231,0.17974359,0.125831405,0.160669972,0.5,-635.6744828,6.518435395,-15.01212791,-14.20482759,2.84956137,-1.313576577,-8.333206897,-30.66724138,3.741657387,-2.57275834
336,336,100,luft2008,luft,2008,ctrl,221,stretching,http://www.ncbi.nlm.nih.gov/pubmed/18757284,germany,,tubingen,0,0,0,1,168,NA,63.6,10,1338,>1year,3.665753425,1,3.6,>18,,,,NA,,,NA,,NA,NA,NA,,,NA,,,,NA,>16,NA,20,10mwt SSV,,speed,lohse,1,0,34,0.53,0.53,0.28,0,34,0.57,0.57,NA,NA,NA,NA,NA,NA,0.5,0.04,0.28,0.28,NA,0.28,0.142857143,NA,0.977099237,0.139585605,NA,0.029711885,NA,0.028366617,NA,-0.5,659.8355172,36.57868232,15.04811901,-22.32482759,0,-4.163137946,1.996793103,123.3327586,12.9614814,6.64706567
689,689,190,walker2000,walker,2000,exp,430,balance training with visual feedback + CPT,http://www.ncbi.nlm.nih.gov/pubmed/10960936,canada,ontario,kingston,70,70,70,1,39.3,69.3,65.4,13.8,40.9,<90days,0.112054795,0,NA,,,,,NA,,,NA,,NA,NA,NA,,,NA,,,,NA,,NA,NA,gait speed,,speed,USU,NA,0,16,0.32,0.32,0.28,0,16,0.57,0.57,0.34,0,0,16,0.63,0.36,0.5,0.25,0.31144823,0.31144823,0.31,0.32249031,0.802701624,0.961269193,0.949152542,0.761886287,0.912391099,0.082635309,0.091376202,0.074445369,0.082319957,0.5,-637.2644828,6.395310782,-15.13525252,47.67517241,8.366600265,4.203462319,3.796793103,-5.367241379,6.268971207,-0.045444519
58,58,22,cooke2010,cooke,2010,exp,48,CPT+CPT,http://www.ncbi.nlm.nih.gov/pubmed/19704158,uk,norfolk,norwich,23,23,23,1,42,84,67.5,NA,32.43,<90days,0.088849315,1,NA,,,,,NA,,,NA,>28,NA,NA,NA,,,28.9,,,,NA,,NA,3,10mwt,,speed,lohse,1,1,35,0.27,0.27,0.36,0,32,0.55,0.55,0.49,0,0,28,0.59,0.48,0.5,0.28,0.426966041,0.426966041,0.32,0.417392373,0.65578986,0.766664703,0.977777778,0.641216752,0.749627709,0.034715148,0.036968211,0.033189396,0.035343435,0.5,-645.7344828,5.69473441,-15.8358289,0.675172414,4.795831523,0.632693577,5.896793103,-2.667241379,6.480740698,0.166324972
285,285,85,kwakkel/kwakkel1999/2002,kwakkel/kwakkel,1999/2002,exp,187,arm intensive therapy + CPT,http://www.ncbi.nlm.nih.gov/pubmed/10421300,netherlands,,amsterdam,114.5,114.5,114.5,2,140,364,69,9.8,7.2,<90days,0.02,1,NA,27,,,,NA,,,NA,,NA,NA,15,,,NA,,,,NA,,4.4,4,10mwt SSV,,speed,lohse,0,1,33,0,0,0,0,33,0.55,0.55,0.46,NA,NA,33,0.59,0.44,0.5,0.55,0.46,0.46,0.59,0.44,1.195652174,1.340909091,0.976377953,1.167408422,1.309234073,0.051963396,0.057546018,0.049537428,0.054859419,0.5,-670.9644828,2.683281573,-18.84728173,92.17517241,10.70046728,6.537329333,7.396793103,95.33275862,11.83215957,5.51774384
92,92,33,dias2007,dias,2007,exp,70,bodyweight supported treadmill training,http://www.ncbi.nlm.nih.gov/pubmed/18084173,portugal,,lisbon,16.67,16.67,16.67,1,35,90,70.35,7.36,1413,>1year,3.871232877,0,NA,>19,,,,NA,,,NA,51.5,36.85,NA,NA,,,10.55,,,,NA,,NA,0,10mwt,,speed,USU,NA,0,20,0.42,0.42,0.25,1,20,0.53,0.53,NA,0,1,20,0.4,NA,0.5,0.11,0.25,0.25,-0.02,0.25,0.44,-0.08,0.96,0.4224,-0.0768,0.05484,0.05016,0.050540544,0.046227456,0.5,734.8355172,37.58989226,16.05932895,-5.654827586,4.082891133,-0.080246814,8.746793103,-9.667241379,5.916079783,-0.398335944
304,304,90,lau2011,lau,2011,ctrl,197,gait training on the treadmill at steady speed,http://www.ncbi.nlm.nih.gov/pubmed/21698340,china,,hong kong,20,20,20,1,14,NA,72.1,NA,12.7,<90days,0.034794521,0,NA,>23,,,,NA,,,NA,,NA,NA,NA,,,NA,,0 or 1,,NA,,NA,2,10mwt SSV,,speed,lohse,0,0,15,0.3,0.3,0.19,0,13,0.52,0.52,0.21,NA,NA,NA,NA,NA,0.5,0.22,0.199480093,0.199480093,NA,0.19,1.102866939,NA,0.945454545,1.04271056,NA,0.107210516,NA,0.095833797,NA,-0.5,-665.4644828,3.563705936,-17.96685737,-2.324827586,4.472135955,0.308998009,10.4967931,-30.66724138,3.741657387,-2.57275834
123,123,40,duncan2011,duncan,2011,ctrl,87,late locomotor (pre-crossover),http://www.nejm.org/doi/full/10.1056/NEJMoa1010790,usa,NC,durham,22.5,22.5,22.5,3,98,98,63.3,12.5,64.18,<90days,0.175835616,1,NA,26.2,,,,NA,,,NA,,NA,NA,NA,,55.7,NA,,,3.08,NA,,NA,NA,gait speed comfortable,,speed,lohse,1,1,143,0.38,0.38,0.23,1,143,0.51,0.51,NA,1,0,143,NA,NA,0.5,0.13,0.23,0.23,NA,0.23,0.565217391,NA,0.994708995,0.562226823,NA,0.008110037,NA,0.008024444,NA,-0.5,-613.9844828,8.011242101,-13.51932121,0.175172414,4.74341649,0.580278544,1.696793103,53.33275862,9.899494937,3.58507921
446,446,128,park2011,park,2011,ctrl,285,routine physical therapy,http://www.ncbi.nlm.nih.gov/pubmed/21245205,south korea,,daejeon,20,20,20,1,28,NA,56.9,7.79,860.1,>1year,2.356438356,1,NA,>25,,,,NA,,,NA,,NA,NA,NA,,,NA,,,,NA,,NA,1,10mwt,,speed,lohse,0,0,13,0.45,0.45,0.19,0,12,0.5,0.5,0.23,NA,NA,NA,NA,NA,0.5,0.05,0.210082799,0.210082799,NA,0.19,0.238001398,NA,0.936170213,0.22280982,NA,0.079101718,NA,0.069325906,NA,-0.5,181.9355172,29.32746153,7.796898227,-2.324827586,4.472135955,0.308998009,-4.703206897,-16.66724138,5.291502622,-1.022913104
518,518,145,ribeiro2013,ribeiro,2013,exp,331,body weight supported treadmill training,http://www.ncbi.nlm.nih.gov/pubmed/23172402,brasil,,natal,6,6,6,1,28,NA,56.45,8.31,1000.8,>1year,2.741917808,1,4.72,,,68.3,,NA,3.72,,NA,,NA,NA,NA,,,NA,,1.36,,NA,,NA,1,10mwt,,speed,USU,0,0,11,0.5,0.5,0.2,0,11,0.5,0.5,0.2,NA,NA,NA,NA,NA,0.5,0,0.2,0.2,NA,0.2,0,NA,0.923076923,0,NA,0.090909091,NA,0.077461001,NA,0.5,322.6355172,31.63542318,10.10485988,-16.32482759,2.449489743,-1.713648204,-5.153206897,-16.66724138,5.291502622,-1.022913104
544,544,150,rydwik2006,rydwik,2006,ctrl,341,no therapy,http://www.ncbi.nlm.nih.gov/pubmed/16944822,sweden,,j?f?la,0,0,0,1,42,84,75.3,4.9,1647,>1year,4.512328767,1,NA,,,,,NA,,,NA,,NA,NA,NA,,,NA,,,,NA,,NA,0,10mwt,,speed,USU,0,0,9,0.4,0.4,0.3,0,8,0.5,0.5,0.3,NA,NA,NA,NA,NA,0.5,0.1,0.3,0.3,NA,0.3,0.333333333,NA,0.903225806,0.301075269,NA,0.117283951,NA,0.095682224,NA,-0.5,968.8355172,40.58324778,19.05268447,-22.32482759,0,-4.163137946,13.6967931,-2.667241379,6.480740698,0.166324972
545,545,150,rydwik2006,rydwik,2006,exp,342,"""stimulo"" device",http://www.ncbi.nlm.nih.gov/pubmed/16944822,sweden,,j?f?la,9,9,9,1,42,84,74.9,8.7,1278,>1year,3.501369863,1,NA,,,,,NA,,,NA,,NA,NA,NA,,,NA,,,,NA,,NA,1,10mwt,,speed,USU,0,0,9,0.4,0.4,0.2,0,7,0.5,0.5,0.2,NA,NA,NA,NA,NA,0.5,0.1,0.2,0.2,NA,0.2,0.5,NA,0.903225806,0.451612903,NA,0.125,NA,0.101977107,NA,0.5,599.8355172,35.74912586,14.21856256,-13.32482759,3,-1.163137946,13.2967931,-2.667241379,6.480740698,0.166324972
14,14,6,bale2008,bale,2008,ctrl,12,training as usual,http://www.ncbi.nlm.nih.gov/pubmed/18955423,norway,,F?de,16.67,16.67,16.67,1,28,NA,64.9,NA,32,<90days,0.087671233,1,NA,,,,,NA,,,NA,,NA,NA,NA,,,NA,,,,NA,,NA,0,gait speed SSV,,speed,lohse,0,1,10,0.38,0.38,0.3,0,10,0.46,0.46,0.3,NA,NA,NA,NA,NA,0.5,0.08,0.3,0.3,NA,0.3,0.266666667,NA,0.914285714,0.243809524,NA,0.103555556,NA,0.086563991,NA,-0.5,-646.1644828,5.656854249,-15.87370906,-5.654827586,4.082891133,-0.080246814,3.296793103,-16.66724138,5.291502622,-1.022913104
194,194,59,hidler2009,hidler,2009,exp,126,lokomat gait training,http://www.ncbi.nlm.nih.gov/pubmed/19109447,usa,DC,washington DC,24,24,24,3,63,153,59.5,9.4,110.9,<1year,0.303835616,1,NA,26.7,,,,NA,,,NA,,NA,NA,NA,,,NA,,,,NA,8.2,NA,5,gait speed SSV,,speed,lohse,1,0,33,0.34,0.34,0.172,1,33,0.46,0.46,NA,1,0,33,0.49,NA,0.5,0.12,0.172,0.172,0.15,0.172,0.697674419,0.872093023,0.976377953,0.681193921,0.851492401,0.037678024,0.041826458,0.035918984,0.039873744,0.5,-567.2644828,10.53090689,-10.99965641,1.675172414,4.898979486,0.735841539,-2.103206897,18.33275862,7.937253933,1.622838207
498,498,141,pohl2007,pohl,2007,exp,320,mixed pure locomotor training with physiotherapy,http://www.ncbi.nlm.nih.gov/pubmed/17213237,germany,,berlin,13.5,13.5,13.5,4,28,208,62.3,12,29.4,<90days,0.080547945,1,NA,,,,,NA,0.99,37.9,NA,,NA,NA,NA,,,NA,,,,NA,,NA,5,10mwt,,speed,USU,1,1,77,0.13,0.13,0.17,0,72,0.44,0.44,0.47,0,0,64,0.53,0.31,0.5,0.31,0.348761658,0.348761658,0.4,0.243634057,0.888859177,1.641806586,0.99009901,0.880058591,1.625551075,0.018117342,0.030490447,0.017760359,0.029889665,0.5,-648.7644828,5.422176685,-16.10838662,-8.824827586,3.674234614,-0.488903332,0.696793103,-16.66724138,5.291502622,-1.022913104
603,603,167,sullivan2007,sullivan,2007,exp,379,cycling with upper extremity ergomety,http://www.ncbi.nlm.nih.gov/pubmed/17895349,usa,CA,los angeles,24,24,24,1,42,222,63.4,8.6,852,>1year,2.334246575,1,NA,,,,,NA,,,NA,,42.6,NA,NA,,,NA,,,,NA,,NA,2,10mwt SSV,,speed,lohse,1,1,20,0.43,0.43,0.25,0,18,0.44,0.44,0.28,NA,NA,14,0.43,0.26,0.5,0.01,0.264590879,0.264590879,0,0.254109966,0.037794198,0,0.96,0.03628243,0,0.05003571,0.05,0.04611291,0.04608,0.5,173.8355172,29.18903904,7.658475732,1.675172414,4.898979486,0.735841539,1.796793103,-2.667241379,6.480740698,0.166324972
400,400,115,ng2008,ng,2008,exp,256,electromechanical gait training,http://stroke.ahajournals.org/content/39/1/154.short,china,,hong kong,50,50,50,1,28,180,66.6,11.3,18.9,<90days,0.051780822,1,NA,>21,,,,NA,<3,,NA,,NA,NA,NA,,,NA,,,,NA,,NA,0,gait speed,,speed,USU,0,1,17,0,0,0.05,0,17,0.43,0.43,0.21,0,0,17,0.66,0.3,0.5,0.43,0.152643375,0.152643375,0.66,0.215058132,2.817023663,3.068937663,0.952380952,2.682879679,2.922797774,0.292224186,0.335834658,0.265055951,0.304611935,0.5,-659.2644828,4.347413024,-17.18315028,27.67517241,7.071067812,2.907929866,4.996793103,-16.66724138,5.291502622,-1.022913104
666,666,184,verma2011,verma,2011,ctrl,418,standard therapy group,http://www.ncbi.nlm.nih.gov/pubmed/22120031,india,,lucknow,8.12,8.12,8.12,1,14,42,55.07,6.8,46.2,<90days,0.126575342,1,4.6,26.67,,,,NA,,,NA,,NA,NA,NA,,,NA,,,,NA,,NA,0,10mwt,,speed,USU,0,1,15,0.35,0.35,0.14,0,15,0.43,0.43,0.14,0,0,15,0.45,0.15,0.5,0.08,0.14,0.14,0.1,0.145086181,0.571428571,0.689245517,0.945454545,0.54025974,0.651650307,0.07755102,0.082501979,0.069321639,0.073747224,-0.5,-631.9644828,6.797058187,-14.73350512,-14.20482759,2.84956137,-1.313576577,-6.533206897,-30.66724138,3.741657387,-2.57275834
59,59,22,cooke2010,cooke,2010,exp,49,CPT+FST,http://www.ncbi.nlm.nih.gov/pubmed/19704158,uk,norfolk,norwich,23.5,23.5,23.5,1,42,84,71.2,NA,33.86,<90days,0.092767123,1,NA,,,,,NA,,,NA,>28,NA,NA,NA,,,30.3,,,,NA,,NA,0,10mwt,,speed,lohse,1,1,36,0.23,0.23,0.29,0,36,0.42,0.42,0.39,0,0,29,0.46,0.37,0.5,0.19,0.343656806,0.343656806,0.23,0.327973576,0.552877164,0.701276007,0.978417266,0.540944563,0.686140554,0.032023238,0.034608167,0.030655857,0.03313041,0.5,-644.3044828,5.81893461,-15.7116287,1.175172414,4.847679857,0.684541911,9.596793103,-2.667241379,6.480740698,0.166324972
703,703,193,werner2002,werner,2002,exp,439,robotic gait trainer therapy,http://www.ncbi.nlm.nih.gov/pubmed/12468788,germany,,berlin,3.33,3.33,3.33,3,14,NA,60.3,8.6,48.51,<90days,0.13290411,1,NA,,,,,NA,1.1,,NA,,NA,NA,NA,,,2,1,,,NA,,NA,NA,10mwt-max,,speed,USU,NA,0,15,0.18,0.18,0.07,0,15,0.42,0.42,0.21,NA,NA,NA,NA,NA,0.5,0.24,0.156524758,0.156524758,NA,0.07,1.533303756,NA,0.945454545,1.449669006,NA,0.145034014,NA,0.129643627,NA,0.5,-629.6544828,6.96491206,-14.56565125,-18.99482759,1.824828759,-2.338309187,-1.303206897,-30.66724138,3.741657387,-2.57275834
517,517,145,ribeiro2013,ribeiro,2013,exp,330,"PNF therapy, no other gait therapies given",http://www.ncbi.nlm.nih.gov/pubmed/23172402,brasil,,natal,6,6,6,1,28,NA,58.33,8.94,593.1,>1year,1.624931507,1,6.44,,,68,,NA,3.22,,NA,,NA,NA,NA,,,NA,,1.33,,NA,,NA,2,10mwt,,speed,USU,0,0,9,0.4,0.4,0.1,0,9,0.4,0.4,0.1,NA,NA,NA,NA,NA,0.5,0,0.1,0.1,NA,0.1,0,NA,0.903225806,0,NA,0.111111111,NA,0.090646317,NA,0.5,-85.06448276,24.35364449,2.823081184,-16.32482759,2.449489743,-1.713648204,-3.273206897,-16.66724138,5.291502622,-1.022913104
284,284,85,kwakkel/kwakkel1999/2002,kwakkel/kwakkel,1999/2002,ctrl,186,conventional therapy,http://www.ncbi.nlm.nih.gov/pubmed/10421300,netherlands,,amsterdam,73.5,73.5,73.5,2,140,364,64.1,15,7.5,<90days,0.02,1,NA,26,,,,NA,,,NA,,NA,NA,15,,,NA,,,,NA,,4.8,3,10mwt SSV,,speed,lohse,0,1,37,0,0,0,0,37,0.37,0.37,0.41,NA,NA,37,0.53,0.44,0.5,0.37,0.41,0.41,0.53,0.44,0.902439024,1.204545455,0.979020979,0.883506737,1.17927527,0.038032381,0.046634186,0.036453356,0.044698031,-0.5,-670.6644828,2.738612788,-18.79195052,51.17517241,8.5732141,4.410076153,2.496793103,95.33275862,11.83215957,5.51774384
704,704,193,werner2002,werner,2002,exp,440,treadmill therapy,http://www.ncbi.nlm.nih.gov/pubmed/12468788,germany,,berlin,3.33,3.33,3.33,3,14,NA,59.7,10.2,51.52,<90days,0.141150685,1,NA,,,,,NA,1.2,,NA,,NA,NA,NA,,,2,1,,,NA,,NA,NA,10mwt-max,,speed,USU,NA,0,15,0.17,0.17,0.06,0,15,0.37,0.37,0.23,NA,NA,NA,NA,NA,0.5,0.2,0.168077363,0.168077363,NA,0.06,1.189928235,NA,0.945454545,1.125023058,NA,0.113864307,NA,0.101781516,NA,0.5,-626.6444828,7.177743378,-14.35281993,-18.99482759,1.824828759,-2.338309187,-1.903206897,-30.66724138,3.741657387,-2.57275834
15,15,6,bale2008,bale,2008,exp,13,functional strength training,http://www.ncbi.nlm.nih.gov/pubmed/18955423,norway,,F?de,16.67,16.67,16.67,1,28,NA,60.8,NA,49.4,<90days,0.135342466,1,NA,,,,,NA,,,NA,,NA,NA,NA,,,NA,,,,NA,,NA,0,gait speed SSV,,speed,lohse,0,1,8,0.13,0.13,0.2,0,8,0.36,0.36,0.2,NA,NA,NA,NA,NA,0.5,0.23,0.2,0.2,NA,0.2,1.15,NA,0.888888889,1.022222222,NA,0.20765625,NA,0.164074074,NA,0.5,-628.7644828,7.028513356,-14.50204995,-5.654827586,4.082891133,-0.080246814,-0.803206897,-16.66724138,5.291502622,-1.022913104
497,497,141,pohl2007,pohl,2007,ctrl,319,physiotherapy every week day,http://www.ncbi.nlm.nih.gov/pubmed/17213237,germany,,berlin,11.3,11.3,11.3,4,28,208,64,11.6,31.5,<90days,0.08630137,1,NA,,,,,NA,1.19,36.8,NA,,NA,NA,NA,,,NA,,,,NA,,NA,6,10mwt,,speed,USU,1,1,78,0.14,0.14,0.19,0,72,0.32,0.32,0.36,0,0,64,0.36,0.42,0.5,0.18,0.284525447,0.284525447,0.22,0.315015873,0.632632343,0.698377508,0.990228013,0.626450268,0.691552972,0.015386049,0.015946995,0.015086814,0.01563685,-0.5,-646.6644828,5.61248608,-15.91807723,-11.02482759,3.361547263,-0.801590684,2.396793103,-16.66724138,5.291502622,-1.022913104
57,57,22,cooke2010,cooke,2010,ctrl,47,conventional therapy,http://www.ncbi.nlm.nih.gov/pubmed/19704158,uk,norfolk,norwich,9.2,9.2,9.2,1,42,84,66.4,NA,36.76,<90days,0.100712329,1,NA,,,,,NA,,,NA,>28,NA,NA,NA,,,29.4,,,,NA,,NA,7,10mwt,,speed,lohse,1,1,38,0.17,0.17,0.224,0,31,0.3,0.3,0.35,0,0,24,0.44,0.39,0.5,0.13,0.287332352,0.287332352,0.27,0.298742141,0.45243774,0.903789466,0.979591837,0.443204317,0.885344783,0.029009209,0.037063624,0.027837242,0.035566259,-0.5,-641.4044828,6.063002556,-15.46756075,-13.12482759,3.033150178,-1.129987769,4.796793103,-2.667241379,6.480740698,0.166324972
228,228,66,huseman2007,huseman,2007,ctrl,146,conventional physiotherapy,http://www.ncbi.nlm.nih.gov/pubmed/17204680,germany,,bad aibling,20,20,20,1,28,NA,57,NA,89,<90days,0.243835616,1,NA,,,,,NA,,,NA,,NA,NA,NA,,,NA,,,,NA,,NA,0,10mwt,,speed,lohse,1,1,14,0.12,0.12,0.11,0,14,0.2,0.2,0.19,NA,NA,NA,NA,NA,0.5,0.08,0.155241747,0.155241747,NA,0.11,0.515325301,NA,0.941176471,0.485012048,NA,0.080912863,NA,0.071673678,NA,-0.5,-589.1644828,9.433981132,-12.09658217,-2.324827586,4.472135955,0.308998009,-4.603206897,-16.66724138,5.291502622,-1.022913104
229,229,66,huseman2007,huseman,2007,exp,147,lokomat gait training,http://www.ncbi.nlm.nih.gov/pubmed/17204680,germany,,bad aibling,20,20,20,1,28,NA,60,NA,79,<90days,0.216438356,1,NA,,,,,NA,,,NA,,NA,NA,NA,,,NA,,,,NA,,NA,2,10mwt,,speed,lohse,1,1,16,0.14,0.14,0.08,0,16,0.2,0.2,0.12,NA,NA,NA,NA,NA,0.5,0.06,0.10198039,0.10198039,NA,0.08,0.588348405,NA,0.949152542,0.558432385,NA,0.073317308,NA,0.06605087,NA,0.5,-599.1644828,8.888194417,-12.64236889,-2.324827586,4.472135955,0.308998009,-1.603206897,-16.66724138,5.291502622,-1.022913104
399,399,115,ng2008,ng,2008,ctrl,255,conventional overground gait training,http://stroke.ahajournals.org/content/39/1/154.short,china,,hong kong,50,50,50,1,28,180,73.4,11.5,17.5,<90days,0.047945205,1,NA,>21,,,,NA,<3,,NA,,NA,NA,NA,,,NA,,,,NA,,NA,0,gait speed,,speed,USU,0,1,21,0,0,0.01,0,21,0.19,0.19,0.26,0,0,21,0.3,0.34,0.5,0.19,0.183983695,0.183983695,0.3,0.240520269,1.032700208,1.247296125,0.962025316,0.993483744,1.199930449,0.073011184,0.084660658,0.067571318,0.078352821,-0.5,-660.6644828,4.183300133,-17.34726317,27.67517241,7.071067812,2.907929866,11.7967931,-16.66724138,5.291502622,-1.022913104
